Date,Open,High,Low,Close,Volume,ret_1m,ret_3m,ret_6m,ret_12m
2024-01-02,346.0260648178827,353.0633554340813,346.01630836112463,352.4980163574219,409400,-0.11910860065790851,-0.03311069074505868,0.06726758586304538,0.09982974077578444
2024-01-03,353.599463176609,359.525589190469,352.14717873759304,354.7398681640625,605600,-0.10715602999323615,-0.017994164963337722,0.08113912830772341,0.11881926860133962
2024-01-04,357.1083766847693,360.9973960542665,354.8665627367419,358.3852233886719,541800,-0.07860978556566733,-0.041634611845666525,0.08696825656136431,0.12316228897131443
2024-01-05,361.445769211248,362.1280669212213,355.9582668819692,362.0111083984375,529900,-0.06490584718613623,-0.036415143767502545,0.06670927851775499,0.10888101859732635
2024-01-08,362.4594548633335,365.5102518580904,355.42216295774705,363.0735168457031,437300,-0.04577701621551211,-0.04518090225851157,0.08284824242300681,0.10872195052125488
2024-01-09,362.8297938044954,362.8297938044954,353.462999973544,359.1844482421875,343100,-0.03873637848142686,-0.05129191409894884,0.05675569097632249,0.06794232011967005
2024-01-10,356.1336866354472,361.2020774197095,355.451388960018,361.1241149902344,415800,-0.03711198570410157,-0.03436060387536444,0.059991807295699084,0.06978234174753095
2024-01-11,361.5724691701349,365.5882035938047,360.2858957276667,364.8961791992188,316100,-0.04187039848031593,-0.042147942494516255,0.06773335362192445,0.06210472813503398
2024-01-12,365.8318412353863,368.4342869853562,361.0168808293458,361.0558471679688,346900,-0.06487773975539635,-0.055549391064475095,0.05973142958538191,0.06933745893074383
2024-01-16,361.6211537131579,363.6485037149698,358.3461671006384,359.8861999511719,316400,-0.045498076305756086,-0.06924268709066883,0.037586262782254076,0.07550725606523478
2024-01-17,359.0967677458316,363.34641920368426,355.13948283737585,355.958251953125,294400,0.012251288090553869,-0.09507477671566489,0.029070434265528133,0.05382169875041609
2024-01-18,353.8529012389721,360.1006930509017,352.2349057065815,359.5841064453125,261000,0.036059418134055,-0.09204035420040846,0.04191001491215407,0.08371781594500671
2024-01-19,363.1320010009504,367.8592729377596,361.81615812746526,364.3796081542969,340800,0.027597732880157322,-0.07587762474365067,0.03315969199703872,0.10195327363892281
2024-01-22,363.8239691184916,367.6740217922306,362.0305359721952,365.2178039550781,271300,0.02660342864044707,-0.06361011112231751,0.030174604785553782,0.10766229243000458
2024-01-23,364.83770350966086,366.8943232876183,362.3814853733186,365.50048828125,252700,0.05101052325084976,-0.049089472157289205,0.022197577308646244,0.12873592098268016
2024-01-24,364.5355386021597,368.6585047336949,364.5355386021597,365.5199890136719,331100,0.048597817139897526,-0.03195221671205983,0.03212397111690635,0.12683085709866648
2024-01-25,366.6018939891067,368.6097612027551,360.14942461851814,367.03076171875,274600,0.06481179966827288,-0.047705301721363225,0.041561249291804936,0.1163688705648156
2024-01-26,367.3036517830783,370.31545241446855,366.3971935799536,370.1400146484375,254900,0.0810464790122083,-0.03864552493628881,0.07066784084473032,0.10227235135599866
2024-01-29,369.1555499900938,370.03279827689903,366.3094605225058,367.9566955566406,337800,0.07647772335216096,-0.010724314386254208,0.060470039614131554,0.07671228008009878
2024-01-30,368.0931947101381,370.38373163112766,367.6058476948339,370.1205749511719,288300,0.07691240106379649,-0.010997173686078776,0.06268253736265783,0.10174346036575943
2024-01-31,373.12259326337886,378.6686042875227,372.4402955917682,375.2279357910156,344500,0.08877773753620644,-0.015378252100799905,0.08118553913443383,0.13005037194655622
2024-02-01,372.4792690179378,372.4987819329848,366.3679489554924,368.83392333984375,368100,0.046343259321657504,-0.03944682208257788,0.0618158426285067,0.10199505148743504
2024-02-02,371.5922829643327,373.8925759742735,370.2764700308148,371.6897583007813,392400,0.04778118181201929,-0.04829540237833729,0.061915460769210506,0.08983367852030333
2024-02-05,371.1439241871519,374.5651091299681,369.17505331223066,372.1478576660156,250800,0.03840179052923198,0.0036342061287939487,0.08417150487335423,0.1387959182225038
2024-02-06,373.2102861306899,374.64308734493954,370.4031629562173,370.9977416992188,294000,0.024824192109846654,-0.008215989443904115,0.07066547453851735,0.13209311603316243
2024-02-07,372.40132608897295,376.5047793060268,370.84180981374215,374.2239990234375,429600,0.030711361915369384,0.007308602221199889,0.11932924434834469,0.1307099479761218
2024-02-08,350.7533600733402,355.773057848094,335.0608108493708,345.5874938964844,1386200,-0.0378550753303637,-0.07272860818043836,-0.003582864126747798,0.016723277932344516
2024-02-09,342.8388081099955,346.20151381836666,339.54433811055856,344.8077087402344,691500,-0.045182267183794256,-0.06822053697649033,-0.004722228608611823,0.008860903714495327
2024-02-12,345.5972256788268,355.06149518533255,345.1683579802037,351.7962646484375,413700,-0.035900388377674064,-0.04658458296356516,0.022808921272089666,-0.028812138521355002
2024-02-13,355.7632863492278,363.3854000613897,352.8586877140144,358.84332275390625,704900,-0.006127928494766177,-0.038887898053561853,0.044059859567621595,-0.012020360219263893
2024-02-14,358.39497743548066,364.06767361999033,356.7769819084924,361.65045166015625,444300,0.004902248847618251,-0.03430648892446886,0.054836337664425416,-0.010860156949433764
2024-02-15,363.0052492656789,366.8747853155345,360.3345974450005,364.9059143066406,453300,0.02513683080647877,-0.04373033586016939,0.06424174123123838,0.00419499456047312
2024-02-16,368.8924310616824,369.40901768023593,358.1902804744063,358.5606689453125,392000,-0.002846170010452509,-0.052793739916200844,0.06898852967671276,-0.025611327649925464
2024-02-20,356.66973011033343,363.52182700721,356.66973011033343,358.7945556640625,388300,-0.015327565992302672,-0.07422715513623312,0.06597080303089098,-0.01444006612659865
2024-02-21,357.71267476246845,360.1591660620369,350.8508211195403,352.7417297363281,456700,-0.03416064081115977,-0.0829319763362284,0.04738677536847469,-0.04707539352540213
2024-02-22,354.77880422551164,362.7128264262081,352.11790905738224,361.0753479003906,507000,-0.012107071051172591,-0.06925119262909862,0.07769627256822109,-0.01173467849328036
2024-02-23,361.075365082634,362.8005625674343,359.3891339369962,361.4944763183594,225500,-0.011013112323008722,-0.0848617247424499,0.061169311202367904,-0.005507323494345462
2024-02-26,361.4945250994219,364.2431693914415,357.1376416136635,357.71270751953125,265900,-0.025387665479546406,-0.09669921336007847,0.0340272291228747,-0.018444060079795488
2024-02-27,356.54302464371654,358.47292931690305,354.3792029478279,358.4046936035156,227900,-0.031705086130901505,-0.10858489715356334,0.05129418643746764,-0.030322933816401942
2024-02-28,359.2526779691206,362.2352687800026,358.1025462631083,360.9779052734375,259300,-0.018966335896254516,-0.1029212695088727,0.06224366132739556,-0.010420079316821873
2024-02-29,360.5002860037055,360.5002860037055,355.0030276552563,359.54510498046875,496900,-0.02857303994002036,-0.0919877001579793,0.03421177212915305,-0.021663846091247163
2024-03-01,359.1747288442499,360.6562529740513,357.7906503154529,360.5588073730469,455300,-0.0390939133757322,-0.08057846994967566,0.028978247023770276,-0.03615081671653242
2024-03-04,360.2273624534966,362.4984159229513,356.2408679278935,358.20001220703125,390300,-0.02883116345839587,-0.10485933152751936,0.027971694800034363,-0.023824020661417866
2024-03-05,358.8043278636472,362.5471490178665,356.5430307875673,357.6444396972656,364300,-0.03778774714623645,-0.09984552048581774,0.014785590664656345,-0.023784688555200773
2024-03-06,359.3793631491782,362.15724658653954,356.5332737483536,360.8121643066406,286000,-0.030460187062391286,-0.07237024367919409,0.032662284269785236,-0.011418970104501325
2024-03-07,360.159156486169,362.995519335938,355.3246532721483,358.20001220703125,446900,-0.03449543771768604,-0.07475011351310445,0.012172197360461379,-0.02341637838551147
2024-03-08,356.26034614222607,360.4905137334895,354.14524747394705,358.3949279785156,332600,-0.04229838568939692,-0.058073195423333,0.010213370955203693,-0.02004643810427864
2024-03-11,358.044049917467,371.7092475444527,356.33833561028,370.0620422363281,382500,0.07082012159610951,-0.009625331365138656,0.033307576326436106,0.05019507890194608
2024-03-12,369.4480103132771,374.175282011665,368.7657126369039,373.8633728027344,340900,0.0842662832819363,-0.0031444987667826885,0.024167697668276977,0.09445610402642113
2024-03-13,375.25715351573103,378.3664294530566,374.1557446435671,376.2708435058594,303000,0.0695703204292979,-0.012003265852457923,0.03503610516976474,0.1357446698364655
2024-03-14,375.0524562634827,378.6685621317336,375.0524562634827,378.4833679199219,247900,0.0547315330136009,-0.01974105875755472,0.04425820379892742,0.10251316231034391
2024-03-15,376.806902160788,383.3470897436645,376.806902160788,382.927978515625,844900,0.05883450928318834,0.015614080726359392,0.042597938216284215,0.17690627770438927
2024-03-18,381.3712892995715,383.92663836184096,379.9320772682303,379.9810180664063,384200,0.04131230316836598,0.08056569240128564,0.03719336441110421,0.11553060913660129
2024-03-19,382.98671525621234,384.9154547385333,379.2663183287319,379.285888671875,246300,0.05780115199897584,0.09282560068767842,0.0166839720963341,0.18039866772013613
2024-03-20,378.4145637027214,382.7419701404861,378.4145637027214,382.536376953125,349600,0.06617107454465354,0.07880217472204065,0.014157072051382613,0.14362925359179424
2024-03-21,382.3601544800796,382.3601544800796,374.5766551481556,376.3781127929688,479900,0.06700761793709153,0.05797432894593735,-0.010722450521315041,0.10651533867387109
2024-03-22,376.7697462391313,377.4550967336617,374.7235247456305,376.1235961914063,271800,0.04167619965893388,0.08155767314853257,-0.012600604065020948,0.13095983340279815
2024-03-25,376.5249905325158,384.1812084495196,375.565535673705,383.6916809082031,253200,0.061403993820075,0.10072847217127401,0.008989799923584396,0.1674883223858168
2024-03-26,382.81050973810255,385.2287768131693,378.83554877917487,380.1768493652344,279600,0.06279939564203652,0.10295058994268702,0.007745990092121957,0.14659548816458434
2024-03-27,383.31959917333165,387.9211695806246,382.0174691822906,387.5001831054688,245600,0.08118054819376885,0.13174931643268484,0.034128858669258744,0.15230782256885522
2024-03-28,388.2638634272623,391.5045332114089,387.9994994449447,389.1743774414063,241500,0.07811135184744966,0.13855122864758784,0.05043233612079279,0.14371482075400643
2024-04-01,387.6568425824036,391.0933053450721,387.0302330353125,389.70306396484375,191400,0.08387809642412813,0.13389011775868953,0.05249358953278316,0.12887200847313252
2024-04-02,391.20102821499154,392.3563059875728,383.5937514570812,383.6622924804688,305500,0.06407688464400274,0.11325123462420272,0.0635560345319861,0.12045512496409416
2024-04-03,382.7615822918468,383.67209631406746,376.7012291651448,379.5013122558594,374500,0.059467613966792676,0.0766055258338163,0.04095837321351148,0.10239065118045043
2024-04-04,382.30141240144735,383.4860606017524,371.4534661207151,371.51220703125,289900,0.03877529130810187,0.04728067063336261,0.028435729483070826,0.0674658966653836
2024-04-05,374.0381711475807,376.5347493833613,370.3373445359039,371.90380859375,251900,0.030740771471559958,0.037720821961504614,-0.0054842816650286785,0.07869406128684431
2024-04-08,373.2843074223952,376.0354497172078,371.2674564136368,373.1276550292969,220200,0.041674043309741116,0.030707750046786497,-0.00682562085344629,0.0690063663103675
2024-04-09,372.68708050580415,372.80456232545777,361.9957867415163,363.7189331054688,307600,0.014855135246981899,0.0017776462061263043,-0.04348357171187445,0.04464048981522306
2024-04-10,364.9917261972574,368.261796496186,361.45735165820736,363.8560485839844,289200,-0.01677014377059638,0.013006131987782998,-0.03895289151584291,0.03744187639052243
2024-04-11,360.63492053187497,363.944131261107,355.0249245431129,358.4809875488281,343000,-0.04114440293679855,-0.007319166269130872,-0.04142827917162373,0.02625243595830029
2024-04-12,356.8557326796275,360.2922251490622,353.5465221354883,354.2318725585937,243700,-0.05857209328769708,-0.02922559141076353,-0.0701417353591306,0.007652886274303938
2024-04-15,357.01242143016503,360.429343904734,351.5786778019172,351.9996643066406,207000,-0.06997322962652508,-0.025082498822170063,-0.0792385723506982,0.009253475347005269
2024-04-16,352.3814697265625,354.2710386037593,349.06245911408143,352.3814697265625,302900,-0.07977089819206329,-0.020853064734428828,-0.08865182958881013,0.020220659536477337
2024-04-17,349.3953650226941,351.2751638334948,346.66379311329524,349.65972900390625,446700,-0.079796852002752,-0.017694555231292042,-0.11108702605925891,-0.00043183919878564403
2024-04-18,352.16610752362504,354.5745745402389,347.7799302170472,352.6654052734375,399200,-0.07018579966592753,-0.01924084253964997,-0.10951026277759479,-0.007794420516804346
2024-04-19,354.3004574884355,362.7790780751973,352.4598291556359,362.50494384765625,425200,-0.05236477969760078,-0.005144811248182668,-0.08063205993456679,0.007110740398245108
2024-04-22,363.5231002441274,368.1246705777034,361.61396097002506,365.0308532714844,233600,-0.030148563733635947,-0.000511888198135968,-0.06408943805528788,0.010726109000595896
2024-04-23,366.0393105734652,366.7246610669553,360.1845804356858,360.9482421875,285000,-0.040346721549965436,-0.012454829034994508,-0.060932900209146545,0.012851055929513633
2024-04-24,358.6474279472647,359.5873123634342,354.59412598275594,358.0795593261719,336000,-0.06675182928492751,-0.0203557395248819,-0.05165754523630839,0.002988051129216851
2024-04-25,359.5579645820554,362.5440705121846,354.85851232648406,358.09918212890625,330800,-0.05807209795438706,-0.024334689408643806,-0.07087909742947207,0.0065400863788231955
2024-04-26,356.22916812300366,358.696375969536,353.8696419849654,357.0613708496094,294100,-0.07855173644543723,-0.03533431480314375,-0.07261432659560096,0.006506660472878512
2024-04-29,357.35509585947773,361.7510435049933,357.3159252912428,361.3789978027344,424700,-0.07142140194688629,-0.01787628227271576,-0.02840888578781997,0.005244617817184549
2024-04-30,352.4598187168758,359.9202134325074,344.15742111976937,358.7355651855469,563300,-0.0794643451458481,-0.030760272560170332,-0.041419170186273835,-0.013011404773445645
2024-05-01,358.9509362374333,367.3218444616135,358.9509362374333,362.1524353027344,567000,-0.05606455885635264,-0.03484682040188947,-0.04968918931363786,-0.009740615200263036
2024-05-02,364.2867477711292,365.5987076795396,358.62781143104684,364.2769775390625,531400,-0.04011668530551127,-0.012355007260496653,-0.05131446356984082,-0.00825993920760515
2024-05-03,363.2881554980132,363.33709629795,355.8571314372923,361.9076843261719,194900,-0.0258525090785785,-0.02631784641936119,-0.07334221781514416,0.0009059560406226019
2024-05-06,363.2000483765997,371.1695408433342,362.485327443162,371.0618591308594,290900,-0.002263890402397939,-0.0029181910167837,0.0007054098043322021,0.038624609574703817
2024-05-07,373.17658882458375,373.35281154500586,368.71210063690665,370.7093811035156,319800,-0.006481090032287695,-0.0007772570107366095,-0.008986860519245354,0.02699606775158081
2024-05-08,372.7653766708802,375.5361189452372,369.4561661187777,372.9905700683594,196100,0.02549121345905303,-0.003295964337660995,0.003988548991259666,0.012230005025473556
2024-05-09,372.52061337107233,374.8605690746464,371.50241772182574,372.5597839355469,140400,0.023920820845042323,0.0780476449970775,-0.0003572597757592888,0.011985205566298784
2024-05-10,373.42139296765146,377.4844654795233,372.99060635219433,374.9095458984375,145200,0.04582825566829163,0.08730036015778508,0.013124145733089732,0.010162359791560993
2024-05-13,374.4004153637603,376.8480527933408,372.7849806359145,373.1961669921875,191900,0.05353638648215342,0.060830385351406946,0.011412044254733411,0.002636443061488025
2024-05-14,372.5402506528461,372.5402506528461,366.7344314361795,370.826904296875,219400,0.05348652825371225,0.03339502446639386,-0.006791535894113299,-0.0005789463078499368
2024-05-15,370.63104750036985,372.9710032231203,366.8029389776421,367.2532958984375,201300,0.04220376906712797,0.015492429810501918,-0.01934554998567417,-0.0034180974575566125
2024-05-16,372.56958895221874,380.99923795438826,369.9261285655276,380.1376647949219,353000,0.08716455817728774,0.04174158294261465,-0.0038141263589704932,0.04476660155791312
2024-05-17,383.07484294822297,385.659562515856,379.96145518770953,384.6903076171875,261200,0.09080817643261496,0.07287368898751212,0.01623267448817045,0.08421234974551983
2024-05-20,385.7868335590945,385.7868335590945,380.9502995566671,381.6356201171875,227200,0.05277355962784047,0.06366056589362223,-0.015291931943257064,0.051384201403382956
2024-05-21,382.3111521160362,386.3252833263575,382.3111521160362,385.904296875,296400,0.05718268309772556,0.094013733967514,0.003285012870611226,0.0660528422063218
2024-05-22,386.3155006175081,392.3954535519002,385.70849131083406,391.1618347167969,259100,0.08370616337176107,0.08332467722140402,0.008303151319288604,0.12535530641098092
2024-05-23,390.4373479284768,390.73105247419744,377.04385295425743,379.2663269042969,317100,0.05916776600706819,0.04916216360187553,-0.03987154713590013,0.08061004849694253
2024-05-24,379.5306860749441,383.6427292570816,379.5306860749441,383.5741882324219,98800,0.07113952607226359,0.07229679060668692,-0.03139346553351641,0.10370912985304526
2024-05-28,382.57554439606827,384.12243816184935,380.1279068766511,380.3236999511719,202700,0.06514938607391496,0.06115714090481217,-0.05406849810410608,0.09885582720984054
2024-05-29,379.5856235476017,380.72720847709286,376.308511060393,376.6135864257813,228300,0.042156817954769554,0.04331478720421944,-0.06406449519221824,0.11887869820339314
2024-05-30,377.2138419367808,383.51224494904926,375.9246448907536,382.3608093261719,227000,0.06585698891718605,0.0634571407861122,-0.034367835811382585,0.1262553651116458
2024-05-31,381.66208271396886,385.8248982599777,381.1503202117757,384.7226867675781,369800,0.06232251743931139,0.06701785922408621,-0.018960807281169112,0.1711729061716869
2024-06-03,384.7916243468973,386.996047571466,377.6665921153351,380.6189575195313,201500,0.0448614131227012,0.0625877848924874,-0.04883445992064639,0.160694172454648
2024-06-04,378.8278297621965,383.472885634731,377.4894085617989,378.6014709472656,195000,0.04612719581286462,0.058597391497934304,-0.047098816041106106,0.14209240388749222
2024-06-05,378.9360678994338,378.9360678994338,371.092616349058,374.5272216796875,198600,0.009339042705561518,0.038011626906766294,-0.037109527474313064,0.13178099837543766
2024-06-06,375.1472393193239,377.4303790528646,373.3364287920472,373.6316833496094,114600,0.007883000525626738,0.043081157500516776,-0.03488927742602732,0.10652614884499112
2024-06-07,375.0291478115575,380.8354908524919,375.0291478115575,376.731689453125,136300,0.010030064256262516,0.05116356299469893,-0.009880864020979208,0.11749755018998753
2024-06-10,374.6157920468668,377.09576806542447,372.3818464678372,375.5506896972656,139600,0.008027988770350492,0.014831695322678806,0.00506360397535266,0.13779690926449573
2024-06-11,373.56280701663815,373.79898664854267,370.8466211176757,373.0805969238281,156700,-0.004878373982786899,-0.002093748507745019,-0.005231663484927096,0.12066964592643536
2024-06-12,371.7520140899737,374.6354837881618,364.4498170381276,367.7761535644531,166100,-0.014523229087312295,-0.022575998348046245,-0.03430827849044793,0.1240138765890153
2024-06-13,366.7821688593609,368.75041225536927,362.8948761390401,368.4846801757813,147800,-0.00631621949204253,-0.026417773121951482,-0.045637317068061956,0.10098541998590527
2024-06-14,366.2999764017098,366.8510822215617,359.6866765304728,361.7238159179688,203700,-0.015056311385692411,-0.05537376161400276,-0.040624291271606605,0.09764086639886016
2024-06-17,363.0031689373938,373.12979112071184,360.5724168145732,370.4136352539063,218700,-0.025580284306374934,-0.025178580922765925,0.05335858167279528,0.11375743061539723
2024-06-18,370.0297964815275,375.1373910217727,367.0479086314145,371.2599487304688,218400,-0.034912132228929194,-0.02116066054951371,0.06970068911170801,0.0906399271104501
2024-06-20,372.20468204013,375.5900632935307,372.0472189547378,374.2418212890625,269200,-0.019373974645905956,-0.02168305072089627,0.05541045244972942,0.0981842891525524
2024-06-21,374.3008748223382,374.3008748223382,369.5180573794482,371.2008972167969,553300,-0.03810115559030891,-0.013755357711301652,0.0434215136019116,0.09201620924604303
2024-06-24,372.6967465987035,377.5189372585184,369.9313668314194,375.9443664550781,212200,-0.03890325412942264,-0.0004765181928042539,0.08104229124071027,0.10102649125002228
2024-06-25,377.36150091054304,378.3357718424445,373.06086359132365,375.5999145507813,177300,-0.009667118047209988,-0.0210892410757213,0.07751494406274362,0.12474477097493009
2024-06-26,372.8739071158831,372.8739071158831,366.8609075603776,370.2167663574219,196600,-0.03482356812525211,-0.026198552132888797,0.07405488141207317,0.12717964137119542
2024-06-27,369.8821831594996,375.1865840245836,369.8821831594996,374.4583435058594,157500,-0.015422011423599224,-0.03365634435341602,0.09365877171708314,0.1470778998601847
2024-06-28,373.9958217621204,377.4008749202616,371.3583824380807,374.9700927734375,511200,-0.00436387244533909,-0.03649850938634158,0.09699580594196311,0.16600276644073553
2024-07-01,378.7687967889167,379.6348287635649,370.9351958025313,372.6081848144531,250000,-0.025506339232061026,-0.04386642223560455,0.08415041508430754,0.1354958823757535
2024-07-02,366.122805834588,366.97898693399446,361.1825255642469,363.80029296875,318000,-0.05438305178885361,-0.05176948556321814,0.055618790905090254,0.10152005229929806
2024-07-03,361.38919873632136,363.2885465505717,355.1990643739838,358.97808837890625,262600,-0.056857044855719185,-0.05407945431059902,0.018383286488947936,0.08688747165433353
2024-07-05,357.4822352332057,359.77522575740903,352.9355974320806,357.0885925292969,495200,-0.05682196205984957,-0.03882406615172107,0.006620976597274231,0.08829732517464639
2024-07-08,365.0402782349945,367.82535964195785,364.2628436662209,367.1167907714844,274700,-0.019786094252291386,-0.012871655819730377,0.024363636704248348,0.11345075627327561
2024-07-09,364.54822092162266,369.9313682176672,364.19395149942494,366.8805847167969,268900,-0.01806886014667941,-0.016742447868168586,0.013451179274310832,0.08105777625666821
2024-07-10,366.8314085765089,372.4409149663374,366.8314085765089,372.1456604003906,231700,-0.012173196949244125,0.023168239340673136,0.024987070479566054,0.10990544777510469
2024-07-11,372.9722793427978,374.1138641367269,369.4294651934447,373.7792663574219,185000,-0.004716868823411602,0.027272372720078764,0.04063321278707899,0.09969506983172005
2024-07-12,375.8164103170614,377.6960864216185,372.7951494039926,375.5802307128906,176100,0.006699983353926298,0.04769916329728208,0.040030878921079927,0.10242421099088994
2024-07-15,380.38277226548377,393.0976399697128,378.93611192330695,389.9681396484375,488800,0.06034101414379833,0.10088382739735713,0.06870984646712452,0.14109714841711485
2024-07-16,389.93859601358224,395.6268188802672,387.0550962820457,388.33447265625,222000,0.05386870485633111,0.10322398579890901,0.0755523714745181,0.13979665221663873
2024-07-17,390.4601982801625,397.4671411090355,388.9446422084744,391.75921630859375,312500,0.08303406927852475,0.11174749515798088,0.08856415267311246,0.12947921097082582
2024-07-18,392.4677235824988,399.9470545402728,391.8083788592368,393.648681640625,224400,0.06272729774321584,0.1258050298272333,0.10588441054728892,0.13803295060937626
2024-07-19,392.45793436633954,393.3928320406543,377.6665851648537,379.2018127441406,916800,0.0213916530474918,0.07524528086367943,0.05455665572307966,0.0987531408901452
2024-07-22,384.3094074473742,384.3094074473742,378.6802296420575,382.5478210449219,213500,0.02219420514588588,0.055289941661288644,0.04986067409933548,0.08467373069227291
2024-07-23,381.731002224039,383.42366281210536,376.8497366921294,378.74908447265625,182900,0.02033450703501649,0.03758101836660144,0.03704989288868976,0.06834246354950668
2024-07-24,380.431942600946,381.8392294603642,374.6059287719741,375.4818115234375,235800,-0.0012303813354146431,0.04026496776340527,0.027308645438818058,0.05011240851578691
2024-07-25,371.8799490628334,378.414502170844,366.86092189683217,367.8155212402344,466600,-0.02072522652156905,0.027189381969703774,0.006280182467603979,0.03860589798470859
2024-07-26,367.86469513582864,379.2116176194422,367.1954995592108,376.8497314453125,332500,0.017916436235864364,0.05236132963201401,0.02675244352975148,0.06942555779626125
2024-07-29,376.0132439265872,379.4183269765199,374.6059569612698,377.90277099609375,378300,0.009198426340259802,0.05836923803012728,0.02097248619560732,0.093122407356927
2024-07-30,380.8452678639936,385.7953990839166,378.601471466818,383.2563781738281,385000,0.022098523482504406,0.06053860491094709,0.041580117448446696,0.10456450841184628
2024-07-31,383.06941137279466,391.1687446139619,380.31388234080094,386.6319274902344,494500,0.037636700553866254,0.07776302383138067,0.04461073946305416,0.11008959116888062
2024-08-01,378.8868656514854,382.4493815050564,359.2044310721874,362.4913940429688,841500,-0.0035978501146881614,0.000935955987569459,-0.03394347950452303,0.04448633994623763
2024-08-02,360.4050775065791,364.3218929814941,354.4413019549581,358.3482666015625,407900,-0.001754485295155317,-0.016275283103402427,-0.028429209122989962,0.03162925798831706
2024-08-05,354.9432464222783,355.5632179697713,345.04295282559104,350.6426086425781,610800,-0.01805149764393521,-0.031126931456478935,-0.056625584074262436,0.001783877565664449
2024-08-06,350.83942997039804,356.94099728743686,349.8651589759958,352.9454650878906,586800,-0.038601682188965425,-0.04882311020971786,-0.05159882606487609,0.028229527968899104
2024-08-07,355.32700426497115,357.7971595209563,353.27019336736697,354.9038391113281,378200,-0.032644806251368896,-0.042635937469772345,-0.04338005539920131,0.024219946939024295
2024-08-08,355.7403627678674,360.71016589624,355.7403627678674,358.41717529296875,310300,-0.0368900851689401,-0.03907175125826834,-0.04223893649717203,0.07204996747688752
2024-08-09,358.5057451713968,358.8797162671884,355.159736999759,358.71240234375,280700,-0.040309523212730514,-0.03716821350259447,0.03797853996185685,0.03425960388669358
2024-08-12,359.5980793453745,360.15903594752467,353.8901852418814,355.17938232421875,387100,-0.05431821677607718,-0.05262646360987466,0.03007958732093785,0.025215316024543855
2024-08-13,357.1377947358171,359.5685767798871,353.99844379537404,357.3444519042969,217700,-0.08365731562981371,-0.04247555706600403,0.01577102378106221,0.038939665092954545
2024-08-14,357.3444375449004,364.54821602971657,357.3444375449004,363.67236328125,166600,-0.06350739146671291,-0.019293478797582697,0.013457239472324023,0.05811002312126412
2024-08-15,366.1720279535618,368.0615550335006,363.4066480844272,367.5301208496094,207500,-0.061846906085034625,0.0007537711826237636,0.01625787874026563,0.07198573893299942
2024-08-16,368.4256731401664,370.8367835612741,366.5755193524938,368.5929870605469,196800,-0.06364988820908157,-0.030369728662912543,0.010104173731774413,0.07499502467724484
2024-08-19,368.8980393817496,372.74595898010034,368.8980393817496,372.7262573242188,150700,-0.017076805021212005,-0.031100472395770185,0.039506810439007944,0.11122085688012429
2024-08-20,371.9488396419529,373.415171487049,368.494562575437,371.2500915527344,285200,-0.029532855425311255,-0.027213205521182893,0.034714952309181424,0.10297592862108829
2024-08-21,373.1888010908671,373.641518720464,368.5634468772141,372.6376953125,132200,-0.016135719954717076,-0.03437795761781126,0.05640377618787529,0.1064633446284986
2024-08-22,371.8700954474778,376.3675392292363,370.9745410159034,376.1018371582031,179600,0.0016512800773225145,-0.03850068238251636,0.04161593790656082,0.1225456137295522
2024-08-23,378.4144726327834,382.5477958663865,376.3084677709845,382.459228515625,143200,0.03981264092938108,0.008418626661084616,0.05799466816417542,0.12271147327155574
2024-08-26,389.52524135363984,391.5919031089305,382.7938519475892,383.2760620117188,372000,0.017052766740100145,-0.0007772322274262056,0.07146336698366196,0.10792229646878182
2024-08-27,384.3094389641771,386.65165380726046,381.68182037110887,381.96722412109375,357500,0.01075528796543801,0.004321382470071855,0.06574280677150979,0.1204092169964377
2024-08-28,382.50844948188166,384.3487524207848,378.6703805139803,383.4236755371094,287800,0.00043651553583634595,0.018082430790558046,0.0621804546366056,0.1282944551235854
2024-08-29,384.84079666741286,386.602383001572,380.85511561027766,384.2208251953125,296900,-0.006236169657723778,0.0048645567845158055,0.06863038843536517,0.10519012777480441
2024-08-30,385.6970362163034,386.29733610957845,380.5303966705815,386.0119323730469,377400,0.06488578409475299,0.0033511036645665904,0.07059354668229001,0.10161747094010387
2024-09-03,385.10652385291206,389.3874593990364,383.80747595713433,387.0255432128906,373300,0.08002627411398522,0.016832019443042467,0.08047328314773727,0.11069595206353688
2024-09-04,389.9680991852929,393.6487049661624,385.7166859637352,386.2677917480469,349300,0.10159969789006085,0.02024905181060177,0.08003298492494393,0.09600191054437102
2024-09-05,390.2731778142695,390.2731778142695,381.0617824233543,383.3154296875,219200,0.08604718746576512,0.02346480442302412,0.06236836672095869,0.09706774431402598
2024-09-06,382.2919342642932,384.5160590744717,376.8399212836982,377.3024597167969,283200,0.06311180138697403,0.009824585362459004,0.05332899737235319,0.06615032581386626
2024-09-09,379.6643662741049,383.3843455614677,375.2751613224169,380.8748168945313,312600,0.0626578276646641,0.010997554910818774,0.06272379199898515,0.07357778430959172
2024-09-10,382.0557462602487,382.8627333016381,373.4545317921588,375.10784912109375,253300,0.04570638391708637,-0.0011791765754147754,0.013635029559565748,0.04739675567377044
2024-09-11,375.25548064322976,375.25548064322976,366.8510720734558,370.5809020996094,295200,0.0433626514990999,-0.006700146951703068,-0.008779867036766253,0.015175641459398426
2024-09-12,370.39390244076105,373.1396105636281,368.06153867210486,373.0313415527344,214800,0.04389851182757054,0.014289093888628868,-0.008609495019442193,0.026124966977362885
2024-09-13,375.1275594276367,377.7158046974019,373.43486864498135,376.6726379394531,306200,0.03574721637054723,0.02222061921208196,-0.004784173186843543,0.03926229170017126
2024-09-16,378.6017634576049,387.4855793260099,378.5522807819473,385.2596740722656,287600,0.04823972843823343,0.06506582403087946,0.0060891229877722,0.048946445288881035
2024-09-17,385.32889473750936,388.0098652436284,383.2415049469319,383.389892578125,219600,0.040144294756067955,0.03503180252887805,0.00897117053126828,0.04649820295713614
2024-09-18,384.7551501800021,387.9802189907102,382.6182775462705,384.4979248046875,358200,0.03158260854756212,0.035656892480554925,0.013741708533009822,0.03065494691106463
2024-09-19,387.5449182340012,389.09811263656167,382.4995573550543,384.1417541503906,465100,0.03472500853464444,0.026453304516390386,0.004196665451929871,0.018413149998491196
2024-09-20,384.4682456886384,387.6537645752007,381.8367274614111,383.350341796875,718000,0.02874815569957634,0.032730105641372687,0.01852453361904538,0.007603454702569623
2024-09-23,384.7056438096493,386.7238062045516,381.98509315323327,382.5588989257813,325600,0.017168386669863756,0.017594444978851875,0.017109542712922865,0.004293348074442704
2024-09-24,384.5770239944711,385.0815721315278,378.4236319617714,379.0370178222656,295100,-0.008947909837713763,0.009150969258326702,-0.012131258814159995,-0.0032505164801361897
2024-09-25,380.1054461126221,380.9858995351891,375.060055219397,378.7501220703125,381900,-0.011808564087333773,0.023049619812875122,-0.0037527989863244127,0.003964121962031664
2024-09-26,378.8193723927628,384.9925393765487,377.1177904432874,383.389892578125,354500,0.0037245825484235606,0.023851916313692323,-0.010607196348666137,0.02315965081553184
2024-09-27,384.68588872396674,391.1558616180802,383.9537927070684,390.9085388183594,460400,0.019521129650549085,0.0425059127436922,0.004456000902099966,0.05511306355814205
2024-09-30,391.40319955701545,391.8186849697852,383.68670979279335,387.6339721679688,283200,0.008883295097087185,0.040325972337397875,-0.005309406027820152,0.04690547372427578
2024-10-01,386.05111462035575,392.0560892403252,385.4971139653744,391.9769592285156,318000,0.015452959753855744,0.07745091690232897,0.021671837214677803,0.08660524778105172
2024-10-02,391.066802928578,394.1039341866704,389.3454458855812,392.155029296875,274400,0.013253611225248818,0.09242051810959007,0.033343012612521594,0.07566706138067958
2024-10-03,390.9777544922493,393.2432397229368,387.0008148610872,389.40478515625,267500,0.008121291692498422,0.0904990898702589,0.04816148106674456,0.0779667173969334
2024-10-04,393.9258583068283,402.9382864862751,391.9373733693004,402.68109130859375,306000,0.05052147688623365,0.09687462254824175,0.08275602992940412,0.07681789088676294
2024-10-07,395.7164475784909,397.6851272441479,364.85055259106105,368.5603942871094,1130100,-0.023169913698016464,0.0045786275978849655,-0.012240477704148933,-0.01898254969772173
2024-10-08,371.3700407474819,376.9199499280808,366.5521672083629,369.7278137207031,988400,-0.029266842225788126,-0.006497043864722607,0.01652067040868599,-0.027681279059632913
2024-10-09,367.0270300556817,387.7922423915858,365.41448059176,384.7254638671875,892900,0.025639598767737137,0.029285191809698796,0.0573562411959907,0.016169158239083936
2024-10-10,396.4386677201709,397.8038641962096,386.8128536144883,389.6422119140625,460400,0.05143629827240681,0.03744068524182098,0.08692573789841496,0.04189627498993631
2024-10-11,392.5012807839569,394.8162185524556,388.3660508434107,389.74114990234375,301600,0.04479464990811555,-0.000582072541357781,0.10024303315020422,0.023070077488255514
2024-10-14,390.6117389433566,395.6274526393771,385.5168952342306,394.3908386230469,366600,0.04703872513947194,0.015595746433147317,0.12042958734039488,0.03164834642006009
2024-10-15,394.1237270748362,397.5169885711396,383.7361697010962,384.0823974609375,333100,-0.003055800257743324,-0.019595758129169583,0.08996196014215485,-0.006665161806652886
2024-10-16,384.0230589300959,387.2481579716711,379.9669588857559,381.9356689453125,359100,-0.0037930672168572377,-0.02975499027837647,0.0923067121093768,-0.029034392083421068
2024-10-17,385.0915075035,385.4080577468954,378.799599685206,381.8367309570313,493000,-0.006921217712704153,0.006948590761797213,0.08271672028895471,-0.03585187226358422
2024-10-18,384.2802638102286,385.6059103527909,378.2752591731671,380.1153564453125,1019600,-0.010481541414271267,-0.006358589608392307,0.04857978600440016,-0.035969362146881845
2024-10-21,382.4006223930628,385.1706256296096,379.027135835586,382.5094299316406,238700,-0.002193585797505171,0.00992832884129613,0.04788246391643214,-0.01927573434396257
2024-10-22,379.4030660255513,382.2225217056351,374.5456427610597,381.2233581542969,270200,-0.0034910722903965796,0.015291144483308816,0.05617180968640012,-0.00818380179693512
2024-10-23,381.698191885881,382.0840299267242,376.9199289057392,381.530029296875,222800,0.006577224274644244,0.03728637663358181,0.06548955213984242,0.010448977401364523
2024-10-24,385.1310428345975,385.4179457291234,380.857327898219,382.9546203613281,227600,0.011100982009017324,0.016199796381973997,0.06940936889231586,-0.006389401957392793
2024-10-25,384.3396126395403,384.3396126395403,373.3188947121805,375.5447998046875,347600,-0.020462440260703763,-0.006239623978387399,0.051765411954526774,-0.024607825171095943
2024-10-28,379.41293694981664,382.70729343798826,377.1375793453193,377.355224609375,250600,-0.03467131787387767,-0.015397404715275509,0.04420906279495962,0.014544246791410975
2024-10-29,377.2958620604901,379.8778974597649,372.58682654487706,372.725341796875,314700,-0.03846058767169569,-0.03596853933825894,0.038997462111380665,-0.004036950594917155
2024-10-30,371.9734689812911,378.9578620208378,371.389790831048,375.9306335449219,385100,-0.04093691046324743,0.037074644316549055,0.03804530053945343,-0.01353432891518358
2024-10-31,359.1621475755746,366.3345085657306,348.66578274224025,351.80181884765625,1032400,-0.1029011677386138,-0.018268395201099352,-0.03424635500075901,-0.08380348523451353
2024-11-01,349.8924879064183,353.295651889548,346.36071124281693,347.2115173339844,552500,-0.10835323403983188,-0.009785152243409145,-0.04060750193671625,-0.11097147549988884
2024-11-04,347.2411972473715,348.96255420515814,343.0762899161392,344.0260009765625,373100,-0.14566139706590064,-0.025271507905922475,-0.07286078449998379,-0.07220677140738929
2024-11-05,344.02600752074466,351.0104008297,343.65997461501297,350.8125305175781,492600,-0.04815456040484267,-0.011527935578252824,-0.05367236870755521,-0.0621768831354883
2024-11-06,368.3230081770681,368.3230081770681,355.14564200702665,362.6741638183594,414700,-0.01907795313357774,0.01187718898211565,-0.02765862484970938,-0.023780393638693553
2024-11-07,366.0377283423808,366.0377283423808,357.3418506129394,358.1728515625,463900,-0.06901703889777833,-0.0015041319389145213,-0.03861643954446736,-0.038959903219694336
2024-11-08,366.3048466158348,366.3048466158348,362.2883267058012,364.3460693359375,408400,-0.06492146334418247,0.025808612402369535,-0.028176067208919853,-0.015421708288065328
2024-11-11,367.57112358036034,367.57112358036034,362.11024716919707,365.4639587402344,525700,-0.06229055148062357,0.02272179347592629,-0.0207188844255064,-0.009543284996745505
2024-11-12,363.3567591022588,366.2751499137518,362.5949855859334,364.7615356445313,397900,-0.07512675264456337,0.002994927504125444,-0.016356333863758454,-0.02303678512933993
2024-11-13,363.76238080947326,369.09464459754935,361.9717661798423,366.71044921875,341000,-0.04522974329734619,-0.0022302162036802464,-0.0014781260937617446,-0.020795080917203945
2024-11-14,364.2174528496363,366.0377450399152,360.7054509651958,362.5752258300781,350200,-0.05069032480966451,-0.01632630419384573,-0.04620020742832309,-0.049838120358351334
2024-11-15,364.5340293623323,368.5307440413751,363.42599786684536,367.3534851074219,355500,-0.037930467855485706,-0.014414793997524544,-0.045066959490484004,-0.029565842285894095
2024-11-18,362.792891557453,369.4508325964365,362.792891557453,369.33209228515625,234400,-0.028368399164393265,-0.00516632671942574,-0.03223893992980331,-0.04703787619773114
2024-11-19,364.06905216997967,367.8481214844004,363.0698584298754,366.4730224609375,320200,-0.04192421471431185,-0.016543342042711795,-0.050352573348921736,-0.04723296932983012
2024-11-20,367.4722261154149,373.4475231902717,366.1465493474759,372.8341674804688,418700,-0.02200597233717405,-0.008688257686866319,-0.04685443621972318,-0.038940324374347024
2024-11-21,375.4756033647497,384.04286907314633,371.8053111496545,381.0255126953125,446000,-0.0013223509627597885,-0.003748676233743753,0.004638391721655699,-0.03541809526840922
2024-11-22,382.2423210393896,386.7337113334498,382.2423210393896,384.8342590332031,519600,0.004908254325542538,0.004065469190289939,0.0032850771491894637,-0.028211518340584885
2024-11-25,387.4657771370928,388.5737783994458,383.0139669425008,385.9224853515625,1768600,0.02763368192629012,0.010354975455210358,0.014721105734692319,-0.04014334044692025
2024-11-26,382.5786958648889,386.427022951726,379.81856495053535,383.350341796875,398000,0.015887198047160878,-0.00019126033396776876,0.017887712004838408,-0.047322750427113536
2024-11-27,384.82208564339305,389.92345361714194,384.3845367975016,386.830810546875,330900,0.0378441366020319,0.006792930472302672,0.011690531852834418,-0.023079082237814297
2024-11-29,387.1390756470019,389.79420019263495,385.1303507632996,385.3988342285156,264900,0.025186031248135343,-0.00158828806343414,0.0017574930831827373,-0.01723663768563466
2024-12-02,386.0253310800618,386.0253310800618,380.6355413772336,381.5902099609375,379600,0.08467378369689671,-0.014043861825841608,0.002551771061892971,-0.046407303220402096
2024-12-03,381.95815492691145,386.3137356533513,379.3726471989321,383.06195068359375,579100,0.10325243132739947,-0.008299529841577447,0.011781464359258642,-0.03587224470439898
2024-12-04,383.8972399092349,383.8972399092349,375.7529077462408,376.6578369140625,340800,0.094852818812736,-0.01736844451804387,0.005688812751232231,-0.03163182387616892
2024-12-05,378.1395529533097,378.1395529533097,372.4812798658432,372.6204833984375,404500,0.06216412181367814,-0.012409079765537845,-0.0027064084665049393,-0.037501261256716156
2024-12-06,371.7951306280247,372.8989263469445,366.6241153489741,369.3289489746094,257800,0.018349212103189627,-0.030314075406878693,-0.019649901204917608,-0.029336607224065392
2024-12-09,367.6185329739719,373.15748006808576,365.5899305487144,366.1169738769531,364200,0.022179576927166655,-0.023968773954495814,-0.02511968711312207,-0.020183279285295064
2024-12-10,364.9932644301605,365.2915793857397,355.4269137875037,360.4288635253906,325200,-0.010751332703235805,-0.02739493189395381,-0.03391152877623549,-0.03896577855434591
2024-12-11,360.85648060807,361.02551564416217,357.0179893082277,360.3294372558594,328300,-0.014049323774836364,-0.03405050161201906,-0.020247958537879196,-0.05386156442794654
2024-12-12,363.3922284292767,365.57997260602247,359.42448776282566,360.597900390625,298400,-0.01141467739066615,-0.04267561784355567,-0.02140327728521585,-0.06606380620151664
2024-12-13,363.4519135044135,363.4519135044135,359.94159900802754,360.786865234375,288900,-0.016153300231817158,-0.06352289244085307,-0.0025902377514624986,-0.04310930245019107
2024-12-16,363.0641062410435,363.0641062410435,354.99931409120336,355.77496337890625,348600,-0.0187554525701622,-0.07202831825722045,-0.039519797550016555,0.011730063777513733
2024-12-17,352.64252926718683,354.1441187722912,350.4448613773092,353.080078125,379800,-0.03885469326158164,-0.0817113556481397,-0.04896803619037082,0.017319547054421403
2024-12-18,353.2590753607118,357.4356671565304,346.17878327419584,346.3876037597656,505100,-0.06212427515688379,-0.09828181910119649,-0.07442839347391483,-0.02314205198168151
2024-12-19,345.9401071247658,350.01725019350926,345.8108271935952,347.4118347167969,410700,-0.05201252636862885,-0.09374846755483213,-0.06408675916024575,-0.02344798964291317
2024-12-20,344.5479274090402,357.6842557183749,344.16008760727,354.6512756347656,772200,-0.04876938175644996,-0.07294987352112259,-0.05663894107815237,0.019813200604136716
2024-12-23,351.7773821268649,357.7339703490952,351.73759668178985,357.3461608886719,301400,-0.062146368202844804,-0.05722622306976044,-0.04859892921951536,0.025148871563268393
2024-12-24,357.2964110439557,360.3592529296875,355.8545149367408,360.3592529296875,84500,-0.06359882346494505,-0.048556734556539194,-0.02662632901454698,0.04545674275991507
2024-12-26,359.8520968669779,361.4829662899641,358.11185540453425,360.11065673828125,145900,-0.06688345352504543,-0.060719482413324255,-0.038315842112765286,0.05175431489473059
2024-12-27,357.26657890292967,360.93600465152593,356.3417721786237,357.9428100585937,191000,-0.06627757684834401,-0.0843310531394752,-0.045409708782113256,0.047181545858938856
2024-12-30,357.09756400137854,358.9173460565281,353.4281380459652,357.67431640625,206300,-0.07537272974561038,-0.07728851935799053,-0.04007928171422137,0.04069844517755361
