Symbol,Date,Open,High,Low,Close,Volume,ret_1m,ret_3m,ret_6m,ret_12m,momentum_score,signal
COIN,2024-06-03,232.5,239.1999969482422,224.69000244140625,231.38999938964844,7333100,0.0110989434930752,0.0097752806145652,0.855275794779566,2.6399245005578926,1.3156174891292474,long
NVDA,2024-06-03,113.57578982337094,114.95423889160156,111.95842981858524,114.95423889160156,438392000,0.3400608161170715,0.3492425819687361,1.4591726549427673,1.892554561461842,1.2986282190730214,long
WSM,2024-06-03,144.9128537767659,149.32876809922618,144.84393985878867,146.5472869873047,2095400,0.018614938999492,0.2576349537375924,0.6007350553237385,1.6678339911281213,0.9007425976958378,long
NRG,2024-06-03,79.16838037790914,79.33530440330775,75.22125605448983,76.91989135742188,4984900,0.0427259272742692,0.3654813720684837,0.6591556001235228,1.4969596763328288,0.8738994177113121,long
CEG,2024-06-03,214.06876767727388,215.7574741819854,202.69481530317296,206.87684631347656,4922600,0.1203047473805476,0.187500618586571,0.7266046863885676,1.3631043285381774,0.8127537357872102,long
MU,2024-06-03,127.542076515763,128.24881015377332,124.5757469935338,127.5818862915039,16134300,0.1410130215014438,0.3396024678453682,0.6876708305684722,0.8660002332163719,0.6347231381763083,long
GE,2024-06-03,165.01766138282363,165.68321359941342,157.9747126151804,160.3885955810547,5220500,-0.0072552574856588,0.2587371729476624,0.6649962415236281,0.9403130793955052,0.6266460130562571,long
HWM,2024-06-03,85.03447590575954,85.17405586352822,83.2598099228114,84.37644958496094,2019000,0.09833991562576,0.249181520717282,0.6112875021080111,0.9417369531694284,0.6197513276062072,long
WDC,2024-06-03,57.17238693687885,57.4892556476543,55.91999400874196,56.568824768066406,5505929,0.0754446281754115,0.165733857562695,0.5520595705737474,0.9240441783992726,0.5759267768619134,long
QCOM,2024-06-03,205.0536366873466,206.44309933300343,198.05739566879765,201.4821319580078,12419500,0.1479947331288196,0.2413177867309257,0.610259867364225,0.8182373113018762,0.5734359153890851,long
FSLR,2024-06-03,273.260009765625,283.5,271.4100036621094,272.7200012207031,3279900,0.5108304776463504,0.7403957021823184,0.7284827185363631,0.3065056723380908,0.540309272697244,long
TT,2024-06-03,328.2725123158463,328.401239820601,313.1624415464711,318.341064453125,1051500,0.014867911216132,0.1158157582956131,0.4305264083205697,0.957251337197401,0.5367084001558672,long
LLY,2024-06-03,818.2300099733482,832.58179782643,812.9362238207306,825.6094970703125,2537200,0.101555639089907,0.0509882258242466,0.4113029974726143,0.9186443351296468,0.5112018423674831,long
RCL,2024-06-03,146.63530776826696,149.51361658850433,145.07251481871464,149.32568359375,1850800,0.0989226048606022,0.2048682488075155,0.4048947323955651,0.8138892101649777,0.49789001403222394,long
LDOS,2024-06-03,144.71420318289762,144.8523357278761,141.74434593820112,143.5795440673828,1024400,0.0200477088944404,0.1268763725365449,0.3646867365710655,0.8816091251842315,0.4894297164417653,long
ETN,2024-06-03,329.58668084411966,330.57346731371285,314.4592575155629,320.1727294921875,2494500,0.0322272025007803,0.1007124706013682,0.4337445486816802,0.8378952308519296,0.48864667131562756,long
APH,2024-06-03,65.67512670386726,65.95707518554747,64.53247868500495,65.18541717529297,7883200,0.0890909112926421,0.1798229709669623,0.4544349758261838,0.7542230838683119,0.4828934116178366,long
WAB,2024-06-03,169.1788189741549,169.31814210002446,162.66045555901667,164.91949462890625,1060700,0.0249307200778208,0.1678454076213507,0.4255321758753969,0.7910684411254427,0.4801491827448484,long
RL,2024-06-03,184.2084995224351,184.56274724327432,180.77428010522047,182.3191833496093,920500,0.1234537604320629,0.0441290586429998,0.445401058217443,0.785225553658873,0.4688817267005884,long
TDG,2024-06-03,1285.262541498381,1285.262541498381,1246.0222137109806,1268.4127197265625,183300,0.0530044184113986,0.1412804574595341,0.3908315311313028,0.78426719060483,0.46451286891436955,long
MRNA,2024-06-03,139.75,150.8000030517578,137.52000427246094,147.82000732421875,4941500,0.1770046312169635,0.539791742960612,0.9024454714288492,0.1501711983361129,0.45646093247691866,avoid
DPZ,2024-06-03,496.5947442517387,515.0045971849129,495.12116934297984,513.7667846679688,682800,0.0200506041162513,0.1660951210164709,0.3395915096154747,0.7866579812414343,0.45176472999613543,avoid
META,2024-06-03,468.7877838579953,477.4893407680008,466.17931904273166,475.38861083984375,11279400,0.0810768008052591,-0.0415504434392325,0.4610931738795096,0.7534083471172521,0.4394888824034332,avoid
URI,2024-06-03,668.9105678104778,668.9105678104778,619.7976698732855,631.7587890625,561000,-0.0384244287857603,-0.1028705494384152,0.3457585908062099,0.9002573518207577,0.439413965203907,avoid
ANET,2024-06-03,75.0999984741211,75.30999755859375,72.57749938964844,74.09750366210938,8906400,0.1318644742552643,0.0293464337548956,0.3490055327085408,0.7781979102012717,0.43503655806957653,avoid
IP,2024-06-03,43.47770385594949,44.2974904671911,42.850805615040144,43.93099594116211,4915400,0.2861355749464467,0.2832688332599744,0.2631563533778507,0.6442847090156085,0.4219281137662382,avoid
TRGP,2024-06-03,115.9573116743286,116.34961663589102,112.43631702722703,114.28998565673828,1502000,0.0313302294277211,0.161330052507173,0.3041985006635819,0.7355951742347793,0.420896653337193,avoid
NTAP,2024-06-03,115.69489067526584,116.90158196282955,112.84003987664688,116.7053680419922,3727900,0.164904057735866,0.1566945082439632,0.3154358295313888,0.6928758648196525,0.4196104022096569,avoid
KLAC,2024-06-03,764.3695115209857,764.5280707199945,728.7805908931349,747.1992797851562,515100,0.1079604349007754,0.0527638623091828,0.3906280350841242,0.6827954380471832,0.4116554016960247,avoid
AVGO,2024-06-03,133.32247748873388,133.35204436572934,128.37771057375923,130.2868194580078,26278000,0.0672792075425852,-0.0532928224135094,0.4406293670012566,0.7064890828673211,0.41085379951886214,avoid
COST,2024-06-03,806.828488960915,823.6514828950357,802.9783997960735,811.1959228515625,2008700,0.1132514748621966,0.0757642681505514,0.4112404987376954,0.6379580456259857,0.4050333689880328,avoid
TER,2024-06-03,143.17393835175855,144.96560640325075,138.3065823382821,140.36700439453125,1730500,0.2023290890412572,0.3336615624430508,0.5321299374429558,0.3736350860432145,0.39605823704290843,avoid
FCX,2024-06-03,52.39729368134004,52.39729368134004,50.78051612594148,51.30301284790039,10249400,0.066830769943478,0.3620640884618022,0.40365915555492,0.4883391579351128,0.3955293045272294,avoid
PHM,2024-06-03,116.69610080922152,116.69610080922152,114.21931797744048,114.4174575805664,1481400,0.0144049332374547,0.0419929352289449,0.3110006944483297,0.7296729255988952,0.39500845894359143,avoid
AMAT,2024-06-03,216.2865115702882,216.30632860995647,206.9744831185316,212.205078125,3828100,0.0843339544161059,0.0243951665475092,0.435199829927585,0.6012267219142868,0.3843630664951027,avoid
PWR,2024-06-03,277.8943895550769,279.02286919535896,264.6622739587958,271.6029052734375,1046600,0.0665489692568646,0.1180366217040491,0.4453622794991934,0.5473064694248257,0.3827934928861846,avoid
GRMN,2024-06-03,160.7351889055598,161.4143125013148,159.9674878890228,160.62692260742188,624000,-0.0128834333967414,0.1742466005247656,0.3494440015811044,0.6101364674477938,0.3824487642187278,avoid
DVA,2024-06-03,146.27000427246094,147.3000030517578,144.27999877929688,145.61000061035156,834200,0.0236923157131729,0.1581165729947595,0.4351468748695817,0.5374300709313782,0.37950863700369497,avoid
PGR,2024-06-03,207.2132782067521,207.4974475889977,203.0094254407248,205.175048828125,1827300,0.0016744793641541,0.106952833567832,0.2835035924464459,0.6429879236950693,0.36380426186194337,avoid
NFLX,2024-06-03,645.219970703125,646.780029296875,627.27001953125,633.7899780273438,2323500,0.1214543937858729,0.0291638283927297,0.3371942873916629,0.5721726746972922,0.348005561153549,avoid
CAT,2024-06-03,335.42144548112606,335.9429726298969,320.5431320756559,326.0634460449219,3878600,-0.0121631796733803,-0.0179598113833769,0.3325966775030198,0.6142830270921986,0.34068393384377205,avoid
PRU,2024-06-03,115.13067210495666,115.14976504674732,113.0491917888794,114.21405792236328,1106200,0.0864926460918455,0.1291042628248737,0.2514969419122583,0.5684885643282143,0.33731462547912244,avoid
GS,2024-06-03,449.4425414712737,449.4425414712737,440.9506827855516,445.6324768066406,1930700,0.0581718669982578,0.1669429826398023,0.3497017204659265,0.4811563549914235,0.33657884136413363,avoid
CMG,2024-06-03,62.7775993347168,63.03900146484375,60.59280014038086,61.52939987182617,16625000,-0.0208530561715943,0.1309304465241911,0.3969667937279775,0.4774171630147308,0.3341576870119644,avoid
AXP,2024-06-03,237.4939634426256,238.66077487497145,230.91833909627425,234.2308807373047,2677200,0.0188388776186447,0.0854412169625913,0.3959218730320828,0.4760437150840539,0.32816617909762913,avoid
WFC,2024-06-03,58.78698104315534,58.78698104315534,57.22453414897398,57.94716644287109,13206500,-0.0024880501163913,0.069362967952272,0.3478434817683795,0.5254710602396546,0.32816525720519096,avoid
NXPI,2024-06-03,270.85389791528337,272.7210365917035,260.5256301459697,265.2721252441406,1273300,0.0616692309355251,0.0660753835124376,0.3345507758989359,0.520401602323376,0.32790787349507117,avoid
IRM,2024-06-03,78.10152369955787,78.31357393788352,76.28947072837552,77.81237030029297,1194600,0.0484417224381441,0.0311730211208509,0.2810264818562897,0.5795952193772327,0.32722480877576454,avoid
MPC,2024-06-03,172.54012396024575,172.70643062212068,169.10634891870956,170.95530700683594,2513900,-0.0402839574637728,0.0105326513544929,0.1826275131842853,0.6842159459781034,0.3265527668710483,avoid
DAL,2024-06-03,50.84655666600569,51.034326846689154,49.86816646781035,50.194297790527344,5403300,-0.0028073136116324,0.224121668156257,0.3812034381307358,0.4089619906444934,0.3224894299671063,avoid
FITB,2024-06-03,36.426682491185,36.426682491185,34.96151782540001,35.520591735839844,2991000,-0.0010843611055505,0.0488014571358126,0.2983278547949124,0.5573699066917075,0.3220981744317642,avoid
FANG,2024-06-03,192.41258350935388,192.7810275626294,180.80674377690832,184.90806579589844,2775100,-0.0254523939843462,0.0766383280041012,0.2684256185206919,0.5708605375788354,0.32165432679012734,avoid
BSX,2024-06-03,75.36000061035156,75.91999816894531,74.83999633789062,75.5,3217200,0.0481743895530994,0.119679662736184,0.3508677907408171,0.4660194174757281,0.32042147571508317,avoid
GM,2024-06-03,44.37463069664637,45.36161093686554,44.37463069664637,45.14447784423828,15698500,0.0239534252700754,0.1175177230893935,0.4517558924756297,0.3970581673043392,0.32024892180931075,avoid
FICO,2024-06-03,1288.6700439453125,1294.93994140625,1274.550048828125,1293.8199462890625,143900,0.1102415354996941,-0.0057099356087896,0.1896101281098552,0.6310573876977426,0.31918815994026506,avoid
VRTX,2024-06-03,455.0,471.3900146484375,453.7300109863281,470.1799926757813,1971000,0.1749799789406141,0.1088366248363126,0.3251599332347881,0.452876830139999,0.31796403488776,avoid
BAC,2024-06-03,38.8459212063938,38.99144566035159,38.18619998583463,38.69069290161133,31898600,0.0813447972744976,0.1345662190201786,0.3171835959651001,0.4693598008949702,0.3179467226790036,avoid
JPM,2024-06-03,197.7243826360642,197.83188994185147,194.6751061998132,197.24549865722656,6444300,0.0530105791603354,0.087407623380741,0.3086172655085653,0.5058092214831289,0.3176914508380029,avoid
HIG,2024-06-03,101.00885021163866,101.04818860635042,99.08131388895188,99.92707061767578,1123900,0.0470177243263785,0.0766138882888356,0.3123949268704045,0.5070167717453649,0.3165497368496723,avoid
GOOGL,2024-06-03,171.511385208468,173.48952715807974,170.1396224798288,172.13763427734375,27459100,0.0393110329254844,0.2986126827215352,0.3066475385370386,0.3996928202852263,0.3155250295120575,avoid
GOOG,2024-06-03,172.85255602956144,174.82085205453222,171.4309979452974,173.3893585205078,20742800,0.0353793609050714,0.299701977430532,0.3024194472716603,0.4024284209820883,0.31517553415094696,avoid
C,2024-06-03,60.86107209328182,60.93845603080738,59.31343024146298,59.89379501342773,11373900,0.0149155255104134,0.1125382920444379,0.3677662134334984,0.4409853378484356,0.31072321012935267,avoid
SPG,2024-06-03,142.17889091712533,143.01496043172176,140.87311910592018,142.4137420654297,1770900,0.0724393132234881,0.0075846075735312,0.2476045886082822,0.5576154327180072,0.3060884025067426,avoid
UHS,2024-06-03,187.7221158364545,188.39938945252388,184.754102700642,185.8496856689453,634300,0.0995165405772355,0.0698559848356086,0.3604025994072679,0.4303946765152981,0.3042015014531449,avoid
LRCX,2024-06-03,93.71418294662286,94.2505576021078,90.182223678915,92.59195709228516,6806000,0.0587882374320614,-0.042853253587226,0.3104548729741674,0.5135366931736716,0.29585931218747974,avoid
FIS,2024-06-03,74.13453605321192,74.58371702706279,73.40217431215682,74.25171661376953,3221400,0.0952037352732759,0.1005623176815584,0.315043543841683,0.4288745436821919,0.295695717689021,avoid
BK,2024-06-03,58.098742646648745,58.14749063790686,57.29926368846898,58.07924270629883,2427200,0.0524734409038767,0.0813640003988762,0.251442537682701,0.4945528535810615,0.2947740469073978,avoid
MPWR,2024-06-03,740.6533959480365,740.8221420184806,703.6083639564575,726.2045288085938,345000,0.0265117949594857,-0.0034184753966597,0.3382392174999842,0.4768678790466627,0.294186401285277,avoid
IR,2024-06-03,93.27626575176689,93.68589405783652,88.92017563876054,89.95924377441406,3608200,-0.0300518358055164,-0.0159525486205219,0.2610907521236472,0.5499983305276559,0.2921308645435005,avoid
SYF,2024-06-03,43.0612530186418,43.080867608087736,42.17354130274275,42.72774887084961,3427100,-0.0320000719032824,0.0780704342139015,0.3624064509097773,0.4200473512959928,0.2891549554437824,avoid
ACGL,2024-06-03,97.46709682849736,98.01861970291796,95.53677402280506,96.70637512207033,1747000,0.0686140447547485,0.1670873847552243,0.2151987929595444,0.4597387060969884,0.2887340017531784,avoid
ALL,2024-06-03,163.7167568808569,164.5310258406455,159.63560702320143,161.00906372070312,1503800,-0.0244689624057925,0.0553801293414237,0.2040161065076995,0.5429944186508324,0.28703172904034835,avoid
NWSA,2024-06-03,27.184887675592496,27.264288514893973,26.887135001478285,27.08563804626465,1957600,0.1370833788411973,0.0564385118405132,0.2428970061959845,0.4726736103729367,0.2869345862601924,avoid
NWS,2024-06-03,27.85703075015662,27.95634318428849,27.588889640495843,27.84710121154785,476700,0.1315577315368827,0.0407793665374618,0.2214702971129518,0.4975215849711818,0.28676136958353887,avoid
VLO,2024-06-03,152.2890675897407,152.41511660759616,147.61517770169604,149.27334594726562,2887600,-0.0148385816213629,0.0712184244552134,0.2458765777338349,0.4982326105239638,0.2858158442586423,avoid
CARR,2024-06-03,63.14611665398361,63.225149900244965,60.48868592890348,61.23948669433594,4750300,0.0172300796273139,0.0880718225528562,0.2007566453296074,0.5151541235037986,0.2856260154737043,avoid
PH,2024-06-03,528.6261564472932,528.6261564472932,500.99231647626846,507.8216247558594,1029600,-0.0303165726409203,-0.0390628374624785,0.1913682482440342,0.5947281190749822,0.2844574973466154,avoid
LEN,2024-06-03,153.11346570342653,153.8862308244507,151.7587357232205,153.32334899902344,1661167,0.0354357683419104,0.004434498482932,0.2604899242146696,0.500536556635472,0.28279207644936716,avoid
GD,2024-06-03,294.74480923504984,296.24356019513283,290.39548686180825,292.16851806640625,723500,0.0379315649636742,0.0910686201662054,0.2200614925760773,0.4854818094469306,0.28221805208120393,avoid
MCK,2024-06-03,563.2372086712513,571.9279534419425,563.2372086712513,570.583984375,1055900,0.082061169871064,0.0741408950699202,0.2208108234815389,0.4800831644016843,0.28131080880622583,avoid
BKNG,2024-06-03,3738.614691728543,3746.613787484908,3676.778624013745,3726.031494140625,229900,0.0837136883938769,0.0900998343474954,0.2071764623992886,0.4797141487580614,0.2804299339318979,avoid
PCAR,2024-06-03,103.33506131500206,103.459882666144,100.29127080041054,101.28986358642578,2562100,-0.0063214388681331,-0.0579123951233534,0.1940431602550933,0.575618070017949,0.27624555317222355,avoid
GEN,2024-06-03,24.494780095058992,24.612636846671545,24.04299088507944,24.36709976196289,6012800,0.2669031614818886,0.1489701125516704,0.1358558040158584,0.4468238597581615,0.2759706237665451,avoid
DASH,2024-06-03,110.25,110.81999969482422,108.16999816894533,110.81999969482422,2776900,-0.0305309941239445,-0.162990900275511,0.1791870157094244,0.6400769601204082,0.27413560929349395,avoid
IFF,2024-06-03,93.74922130045832,93.9544250751314,92.74274244865218,93.89579010009766,1404600,0.1069002346082466,0.2697291694866572,0.2936124156260942,0.3013988512642342,0.273279122551678,avoid
AIG,2024-06-03,76.71119993951578,76.993621155229,75.15302032694845,76.27296447753906,3435700,0.0028169856117366,0.0754859978925432,0.202229715376196,0.4906514544596645,0.27230839453640693,avoid
AMGN,2024-06-03,297.2027627229777,301.74620170058495,294.35463591421205,297.8130798339844,2447400,0.1121213298815129,0.1081409374039761,0.1571865113433161,0.4795590920306882,0.2718199106842166,avoid
WMB,2024-06-03,39.51435110782603,39.55247484771231,38.79954734551797,39.05687713623047,7033400,0.0633110082034207,0.1415972866213075,0.1428500309082747,0.484521526304934,0.27131417793905954,avoid
KEY,2024-06-03,13.778379853087973,13.806965448888654,13.282891346037758,13.45440673828125,12323300,-0.0367815376245946,-0.0176228745375249,0.1728786087839064,0.5662772243701655,0.27117174371327374,avoid
MMM,2024-06-03,98.3346454580306,98.74612667658288,96.96303392150811,97.7370147705078,4508100,0.0376288066923589,0.3138845604703346,0.2328366861556943,0.3355374427014443,0.27060577569058886,avoid
CFG,2024-06-03,34.28048274196777,34.32853793795378,33.05034597953788,33.36749267578125,3849200,-0.007716523106348,0.100593304038578,0.3046608154652135,0.3909256965013807,0.26711553173719715,avoid
XYL,2024-06-03,139.55270030822686,139.59224209717817,135.747625023838,136.992919921875,2466300,0.021932935326713,0.0869978526933468,0.3257682465264357,0.3736094984716283,0.2667671374179227,avoid
ADI,2024-06-03,230.20356611301565,231.3786206925948,223.7603319893405,227.3834381103516,3087800,0.1817902735981735,0.1929003788401848,0.278238888900326,0.3117111704058095,0.2649152379602759,avoid
STX,2024-06-03,90.963794705006,91.25525488669447,87.97150624542053,88.72929382324219,2696900,0.0584076369647805,-0.0640932796721939,0.1738202703195082,0.5477800959137347,0.2642802272233856,avoid
WMT,2024-06-03,64.8441086923595,65.17074858218581,64.49766786869912,65.15095520019531,11578700,0.1061435023379753,0.1175846516978174,0.2817568551825127,0.3585656277152629,0.26208458821422,avoid
WELL,2024-06-03,101.7315042244806,102.35899168854408,101.30010378784672,102.025634765625,3030100,0.0897596184640476,0.1210288645544506,0.1827853819243963,0.4329604924701205,0.26120154632266196,avoid
OKE,2024-06-03,77.17547217431064,77.35703407302059,75.19734934589296,76.0096206665039,2998900,0.0336583449216216,0.0517116503701358,0.1861561403352114,0.4772001983887217,0.2604350860222414,avoid
JCI,2024-06-03,70.82028668425794,70.90855848659378,69.34915482754491,70.28087615966797,4976600,0.1795885959953669,0.1940299378036969,0.3743931545430361,0.2253430252947796,0.25922000364109876,avoid
AMP,2024-06-03,429.85140660652144,429.85140660652144,421.4386407168208,425.6154174804688,436800,0.0386505924893998,0.0489771834533687,0.2278989578601935,0.4405091589362688,0.2582338468721793,avoid
PNR,2024-06-03,80.71122742745207,80.82005660224947,78.16859657182884,79.04911804199219,1196400,0.0133165247998403,0.0211898505942806,0.2456991829955053,0.4373193965496014,0.25420713611733226,avoid
CTAS,2024-06-03,169.01949980461444,169.15099371635787,166.44404850960566,167.36703491210938,1708800,0.0205079128080158,0.0741086963844908,0.2216396369084088,0.4234829472804449,0.2527576005424004,avoid
UBER,2024-06-03,64.77999877929688,64.95999908447266,62.935001373291016,63.790000915527344,14922200,-0.0697097681284907,-0.215375171942898,0.1314295797628621,0.6577443262573408,0.25248059323036626,avoid
DOV,2024-06-03,182.0415410338427,182.4075582044981,177.4118494966206,179.34088134765625,1250000,0.0239394624469497,0.083048148910592,0.2919186303289394,0.3599335288236345,0.250552576654949,avoid
CB,2024-06-03,266.4885902445389,266.676121662144,261.5931045760621,263.1723022460937,1107900,0.0654945229823216,0.0775968633888062,0.170490378330014,0.4431761814838439,0.25048641106853514,avoid
TKO,2024-06-03,110.43396645657133,110.43396645657133,106.96145258650084,107.63804626464844,729400,0.1347948847283049,0.3245989610575435,0.3989396153899547,0.1287037414827205,0.2495626618944138,avoid
AVY,2024-06-03,223.28600160790336,224.2248271453332,218.7482901283285,222.14178466796875,531100,0.0348047418124395,0.054941465224096,0.1771362204169235,0.4510532738862949,0.24803094290565816,avoid
BRO,2024-06-03,88.74325484085442,89.34992031797721,87.60946654537935,88.40510559082031,796600,0.0745888045709906,0.0605085949048254,0.1931919247399753,0.4261750364592109,0.2479881914437411,avoid
TJX,2024-06-03,102.3804328871383,104.32536619185616,102.3804328871383,104.09829711914062,7160100,0.1151696782810116,0.0806692363146286,0.2053316183768307,0.3960126325262689,0.24765535361458366,avoid
BALL,2024-06-03,68.07679938573884,68.76713796380015,67.43577339326912,68.69810485839844,1940200,0.0275223222895162,0.0827843692482628,0.2675777131284782,0.367431867195493,0.24655516689534485,avoid
CI,2024-06-03,333.251220463314,337.28223432131534,331.8912664750144,334.1122131347656,1500500,-0.0087374105803412,0.0181573530002574,0.3105875461976231,0.3721672435944594,0.24480089083908807,avoid
AMZN,2024-06-03,177.6999969482422,178.6999969482422,175.9199981689453,178.33999633789062,30786600,-0.0345387875739005,0.0042797302567829,0.2207543350566536,0.4526350184433487,0.24468237518830208,avoid
NEE,2024-06-03,77.19670530125603,77.43946223616564,75.27406711709628,75.45856475830078,15410500,0.1359967977782001,0.4228374173323679,0.3489876562338461,0.0981745695297766,0.24213328792635805,avoid
MHK,2024-06-03,122.68000030517578,122.68000030517578,119.75,121.11000061035156,467900,0.0474831148015331,0.0023172951672083,0.371418910186188,0.310430675284806,0.24080971368337376,avoid
PKG,2024-06-03,178.39413942175278,178.39413942175278,175.38957457172742,177.2407684326172,396500,0.0429450182839608,-0.0070757382232446,0.1041219414613383,0.5128837986715242,0.23926945609075836,avoid
GLW,2024-06-03,36.37532588418068,36.61939007850969,36.16055192557551,36.47295379638672,5593000,0.121393914998386,0.1277768708433044,0.3328553668627321,0.252771024791097,0.2386597856437579,avoid
PSX,2024-06-03,137.29416784461006,137.3231153950406,133.12555861768342,134.06155395507812,2345700,-0.0266619826925605,-0.0292934708931936,0.0943124910515837,0.5440287728946693,0.2373803640254481,avoid
HPQ,2024-06-03,34.8682843992921,35.10710826504068,33.28249407648808,33.74103546142578,12390700,0.2641372041089773,0.2263847542453212,0.2258209855742028,0.2442121167554951,0.23712181363442086,avoid
HUBB,2024-06-03,386.8443411248926,387.6637343424852,370.84183079341807,380.81256103515625,567562,0.0375888659015115,-0.0020157281822058,0.2941577772264947,0.3618744402586396,0.2363528502251142,avoid
MET,2024-06-03,70.3464942791138,70.44365646059752,68.73357389708667,69.394287109375,3178100,0.0247188054218465,0.0295558250031466,0.1401584199620684,0.4645878783111599,0.23626572285589845,avoid
EMR,2024-06-03,110.7050239542584,110.8032610048674,106.75583006272036,107.10948944091795,2870300,0.0293282242760963,0.0001900774038217,0.2381862772032357,0.4030932493179697,0.2356640207965326,avoid
EBAY,2024-06-03,53.12063880789885,53.307374260350805,52.275425441721154,52.68820571899414,6043100,0.0909637716285849,0.1075592202186075,0.3209151527561016,0.2670420118560863,0.233699571775845,avoid
ECL,2024-06-03,228.4740535710425,230.53861942069065,227.9406346659225,230.084213256836,1256000,0.0271653047695059,0.0336747748047894,0.2214336723270751,0.3929172828522571,0.23304850027693383,avoid
HBAN,2024-06-03,13.270168459067971,13.279654143418384,12.805380781153442,12.966633796691896,18831800,0.0,0.035493278299965,0.243234265038891,0.3774108487064764,0.2310332746542509,avoid
TSCO,2024-06-03,55.38561283723581,55.56337168607233,51.87982001575058,52.84564208984375,9901500,0.0032245751048201,0.0564636480780991,0.3179645918688096,0.3099622684757475,0.2309894720770437,avoid
HLT,2024-06-03,200.2160757242676,200.90436490459027,195.4877349988063,197.6723480224609,1761100,0.0039255269683817,-0.0202786914356087,0.1846642116807617,0.4442791088242841,0.22944772144365858,avoid
STLD,2024-06-03,131.9475974915338,132.4990178830082,129.47604715650434,130.57888793945312,743400,0.0139157199140727,0.0214415621138315,0.1206401055161578,0.4600380346819723,0.22588712994180984,avoid
SCHW,2024-06-03,72.19700288527144,72.31534517115546,71.04319381225613,71.3686294555664,4365000,-0.0361398025712476,0.0734417849207738,0.18883763915603,0.3949618002443382,0.2257103885715743,avoid
PEG,2024-06-03,72.66828350045095,72.93774489759164,71.65779591890094,71.73478698730469,2980400,0.0645527980676323,0.1874313219513261,0.2160896363470577,0.2915047607849612,0.22537033941513024,avoid
BBY,2024-06-03,80.98431344247855,82.88349259029432,80.39849501638206,82.14649963378906,9941100,0.2001656383933299,0.1348643398821469,0.2560658798726611,0.2529296411352522,0.2249810522316616,avoid
AMD,2024-06-03,170.82000732421875,171.0800018310547,160.91000366210938,163.5500030517578,59157600,0.1189791937187576,-0.2035936766377583,0.3498679276031182,0.3689629311179416,0.22372473477243618,avoid
CMI,2024-06-03,276.04778093342185,276.5861600461505,266.96365657140143,269.410888671875,808000,-0.0123069266963643,0.0203844425416703,0.2429468353560657,0.3668853984260629,0.2224844058159425,avoid
HCA,2024-06-03,333.9283421326095,336.64126501089623,324.3142418968489,329.41339111328125,1109000,0.0772568369348121,0.0614608214404068,0.3340222058181425,0.252920898458697,0.2213928691104841,avoid
NVR,2024-06-03,7677.18017578125,7754.5,7596.75,7627.31982421875,17000,0.0198301731434302,-0.0032031884733456,0.2391285775241924,0.3692073240480062,0.2207638824961341,avoid
GNRC,2024-06-03,148.97999572753906,148.99000549316406,139.75,141.3699951171875,1107700,0.0987874327165221,0.2486309273359814,0.207568083076006,0.2448925515716444,0.21983237429030805,avoid
AFL,2024-06-03,87.9004895440147,88.01807175646411,86.78348469001153,87.11663055419922,2285800,0.0640154534776613,0.1213928209181425,0.0879784091775288,0.4061893854080225,0.21954938644786232,avoid
ISRG,2024-06-03,402.8900146484375,405.3299865722656,398.6000061035156,403.8599853515625,913100,0.0694028647654696,0.008162932283795,0.2992536034923796,0.300508708181932,0.21855243725379267,avoid
RTX,2024-06-03,105.03434348693884,106.4153469549916,104.62298361357398,105.16167449951172,5908800,0.060123077713486,0.2013785248314801,0.3344016290371969,0.1722056880556681,0.21549077667107092,avoid
EMN,2024-06-03,97.1016049819894,97.13030379595222,93.8202401078881,94.31770324707033,819100,0.0278356122835337,0.1274916150038421,0.1972150227392617,0.3166662672705538,0.21411289795912186,avoid
REGN,2024-06-03,977.4580041148816,998.2804498970596,976.5605216301602,986.7523193359376,533000,0.0553214850006087,0.0188325480162638,0.2011022210467312,0.3532831678659756,0.21094259156372322,avoid
MLM,2024-06-03,567.9916107771763,567.9916107771763,547.1047330366109,560.1080322265625,449900,-0.0437662364862886,-0.0627352274841911,0.2158317636629554,0.4013556950170287,0.20836813796023104,avoid
AXON,2024-06-03,281.3500061035156,283.0,275.7900085449219,278.5299987792969,401300,-0.1206629872792521,-0.1292672423168935,0.2116848857864313,0.4496200669515704,0.20543374532525363,avoid
WRB,2024-06-03,52.64872349745625,52.72029284636246,51.76387184639605,52.0956916809082,1370100,0.0134159932239925,-0.0423394295847479,0.1146605007044692,0.4371297883374276,0.20212377895176148,avoid
TXT,2024-06-03,87.85061087123756,88.69955227606233,86.23262278140551,87.14149475097656,1509500,0.0220217038714882,-0.0237283598209757,0.1386783116455472,0.4017133414170657,0.19974532848344412,avoid
PNC,2024-06-03,152.34460648889848,152.68208460351113,147.80318801178348,149.4616241455078,1450700,-0.0043035529623368,0.0185065472187824,0.1808946903473711,0.3548786668429806,0.1994908279889264,avoid
LHX,2024-06-03,219.7107437638064,221.10507541879943,217.7508743080328,220.9978179931641,877300,0.0724424673300123,0.0551769945933093,0.1942562652159662,0.3043214316011982,0.19828509785693224,avoid
COF,2024-06-03,135.53845791951335,136.10061987719968,133.03342414613218,135.23272705078125,2002600,-0.0289836367321671,0.0125732299700977,0.2386961408097037,0.3164038632938735,0.19778666988126334,avoid
MSI,2024-06-03,359.0175277387194,361.9705658203952,356.3311419791285,361.8717956542969,585700,0.0896978297416608,0.0943437199167296,0.1414887679333878,0.3141512066596521,0.1959456400013892,avoid
MS,2024-06-03,95.12056812858891,95.12056812858891,93.54103486940926,94.39379119873048,5671200,0.0513761324441386,0.0918500575868657,0.2512380269117071,0.2357244140203838,0.19316879844345267,avoid
TPR,2024-06-03,42.46047939103233,43.13922721809525,42.25685615257688,42.93560028076172,2274800,0.1415312730892555,-0.0564236414572307,0.4239913219260283,0.155431605722365,0.1922384378842339,avoid
ROST,2024-06-03,137.61914600765138,139.50366766597176,137.5204891745473,139.3359375,2587200,0.1060464446435052,-0.0559203275628271,0.0886180738220085,0.4151486828832549,0.19206547425168963,avoid
MAS,2024-06-03,69.03405340566732,69.28981004972647,67.16507640028107,67.57821655273438,1460000,0.0001291711323294,-0.1141640354445915,0.1438553436126415,0.4257660145945408,0.1906431189459234,avoid
ESS,2024-06-03,252.75199727351807,254.0853267163318,249.6892021414465,251.81480407714844,317300,0.0433546116638818,0.0811395018078022,0.2450716192490651,0.2384977157908596,0.189483933619012,avoid
DHI,2024-06-03,146.30111345527473,146.55847127027445,144.7668295063642,145.43992614746094,1911800,0.0101057725516577,-0.034301930625935,0.1556460064802642,0.3660452960224309,0.1872621114830304,avoid
UAL,2024-06-03,53.5,54.59999847412109,52.220001220703125,52.720001220703125,8790600,0.0201238566057668,0.1943815575372853,0.338071045151491,0.1120017167344678,0.18711069740726818,avoid
KMI,2024-06-03,18.59728843611381,18.63547676164009,18.492274182755725,18.61638259887696,14348500,0.056338052558315,0.1272253972433621,0.1458949650737495,0.2803533335099883,0.18698870763062408,avoid
CF,2024-06-03,77.47298140517398,78.99588539861581,77.26797567128628,78.62492370605469,2480700,0.0976845736163116,0.01535136852132,0.0860384110230065,0.3685170560577326,0.18605707679589015,avoid
RJF,2024-06-03,121.22145612530709,121.22145612530709,118.34250989750204,119.2298583984375,624200,-0.0245220623782462,0.0040427835398284,0.1587736957999717,0.3479525954457498,0.18516949738843247,avoid
MCHP,2024-06-03,95.23000367971582,95.4342963930855,91.6305479110676,93.02169036865234,4268400,0.0738898124316627,0.1052712544999376,0.1576086904921727,0.2731273002102363,0.18497675937490013,avoid
DFS,2024-06-03,121.43896434554814,121.93261867215608,119.08917246261866,121.25137329101562,1171590,-0.0081068853384351,0.0285717096408024,0.3354770216233755,0.1981374907450135,0.18480175617933503,avoid
CE,2024-06-03,150.70620258728923,150.70620258728923,144.76690127780915,146.40736389160156,800600,-0.0526283102508883,-0.0391441280853689,0.0782854828461301,0.4256300717743995,0.1806460169214362,avoid
AIZ,2024-06-03,169.77062982097044,171.6936047815412,168.98575674693598,169.2310333251953,346200,-0.0121978905880725,-0.0311184582494389,0.0309885222875108,0.4463422224966631,0.18038996497622345,avoid
COR,2024-06-03,222.7971920307833,229.0036231035627,222.7971920307833,228.5376434326172,2028300,0.0280134120311967,-0.0202046957347029,0.1384795465128527,0.3485248958766449,0.17971422436069287,avoid
TXN,2024-06-03,190.77344358984573,191.02604306832347,186.23654052725567,188.198974609375,4153500,0.1098761164961528,0.1315021562543117,0.2877735203999489,0.1367556595349977,0.17832236283446137,avoid
MTB,2024-06-03,147.14368489846655,147.3380741610406,142.5855473555502,144.13084411621094,775300,0.0229880351966247,0.0691852738439435,0.1784159980727677,0.2710296282197306,0.1780725089981737,avoid
BX,2024-06-03,118.14263372504796,118.1815902299274,113.6529987028566,116.09746551513672,4056900,0.0018488324973688,-0.0519944053371951,0.0761950637309802,0.410714704545482,0.17693040311978472,avoid
CL,2024-06-03,90.50111597254777,91.29404594416836,89.84524161894383,90.52069854736328,3197900,-0.00473577081473,0.0711309487268192,0.1877861163302145,0.2653520355889323,0.1762292617985281,avoid
SO,2024-06-03,77.16525608431242,77.8519853649749,76.68164329122513,77.75526428222656,4539700,0.07693923629585,0.1895282685673214,0.155037492820355,0.2094191344666376,0.17587847897581083,avoid
AES,2024-06-03,20.67678622714485,20.67678622714485,19.539658813905,19.67232322692871,7078200,0.0966719703504088,0.3044841138269551,0.2306199482013813,0.0856072944146175,0.17399292202669328,avoid
TFC,2024-06-03,36.315068645835616,36.39129885861502,35.028649726777466,35.36216735839844,7363500,-0.0193884355710366,0.0397139042126448,0.1872266179087309,0.2749924679691835,0.17216890984571798,avoid
RSG,2024-06-03,182.6619751496657,184.0269744463036,181.8113258201898,183.304916381836,1668700,-0.0060072782045317,0.0048629289912496,0.1520419830655723,0.3154253820520014,0.17215460571826896,avoid
DLR,2024-06-03,139.97497012835376,140.27350399269443,137.19184277197164,137.75038146972656,1196200,0.0206207560382372,-0.0614609593785662,0.0488700747125736,0.4190549546072948,0.17205288798480048,avoid
DHR,2024-06-03,256.0233645266126,260.3329026462086,255.4759779205249,260.143798828125,3003200,0.0589045723530916,0.0213683093956649,0.1729628533665024,0.2727994993248455,0.17117277485433105,avoid
TMUS,2024-06-03,172.0956536872042,176.01095429016064,168.82139104704527,170.69522094726562,7801600,0.0535541298480455,0.0636806946497345,0.1594138279808805,0.2612141552229301,0.17040136239818765,avoid
CCL,2024-06-03,15.210000038146973,16.040000915527344,15.199999809265137,16.010000228881836,43854800,0.1071922674028909,-0.003733632052383,0.0630809948735258,0.3510548281430647,0.1693187300490961,avoid
BRK.B,2024-06-03,414.8900146484375,416.7200012207031,408.7799987792969,414.7900085449219,4903000,0.0354218727538899,0.0282604761707343,0.1521944681803384,0.2837026950142407,0.16833370096933367,avoid
L,2024-06-03,76.36243906722478,76.54190457177224,75.34547294594037,75.64458465576172,645300,-0.0077797359993523,0.0213130846993916,0.0812210750982298,0.3503503937034684,0.16799112335079938,avoid
EXE,2024-06-03,89.22005714012862,89.81017141431921,87.58138083945211,88.74698638916016,2051600,0.0566546448086437,0.1204494379425005,0.1498873021485693,0.2298502864321465,0.16666165728679389,avoid
DD,2024-06-03,80.50599528477451,80.50599528477451,78.77120903617943,79.02603149414062,3927600,0.0418804120326672,0.1632137810865825,0.1385366307269362,0.2195258353194489,0.1662021207664436,avoid
D,2024-06-03,51.33170961853421,51.57973336879699,50.87381709873706,51.19815444946289,5037000,0.0623259490301904,0.1637813816851063,0.2154827670243846,0.1561407661737777,0.16609000781686678,avoid
MRK,2024-06-03,120.93879252061014,123.99663944267516,120.93879252061014,123.48699951171876,7702500,0.001247407832088,0.0417942223010052,0.2702025425886265,0.18933932859303,0.1652800794572098,avoid
FI,2024-06-03,149.47999572753906,150.0500030517578,146.75999450683594,148.47000122070312,2571900,-0.0046926121662171,-0.0101340370477566,0.1367429793039605,0.3168071061703159,0.16524966763314144,avoid
DUK,2024-06-03,99.34185028030466,100.0453121753941,99.0816701751102,99.65022277832033,3429700,0.0517155277188499,0.1301219565903377,0.1446819086968054,0.2262977739463336,0.1651196262775276,avoid
GWW,2024-06-03,915.3526158808152,915.3526158808152,871.6033307405643,881.4940185546875,413800,-0.0361846563784672,-0.0983503925332834,0.1348606671212688,0.3683379567076319,0.16450483867493002,avoid
ICE,2024-06-03,132.46573814402734,132.88955749705886,130.6620883441953,131.72653198242188,2043400,0.0561875174112875,-0.0288339511846985,0.1820816013858273,0.2745734494611267,0.1643058217043879,avoid
EIX,2024-06-03,73.15359973484,73.5930171819451,72.56133763411528,72.86701965332031,2351700,0.0598862746055455,0.1438203325043647,0.1644762791092369,0.1959718393651954,0.16248431344027675,avoid
ZBRA,2024-06-03,314.1000061035156,314.6300048828125,302.2699890136719,307.6300048828125,305600,-0.0162450408080273,0.0547917411992127,0.2981264681787794,0.1556348263559055,0.16102571515503583,avoid
MAR,2024-06-03,229.44652713654625,229.71387078549287,223.8026979880712,226.12954711914065,1644000,-0.0278873491104679,-0.0744852115616575,0.1321266382064341,0.3476819921315939,0.16102501109118952,avoid
FOXA,2024-06-03,34.23689892369429,34.6026978160448,34.029279870538005,34.41485595703125,2853900,0.0994946843597726,0.2095205395245898,0.1890479429603757,0.1308012858196097,0.16088847355685182,avoid
FOX,2024-06-03,31.74803951593841,31.999930746208204,31.501088363800527,31.88633155822754,1061600,0.1035896655244781,0.2269097693015342,0.1785608034980603,0.1260248233549767,0.15971909080416344,avoid
PM,2024-06-03,96.89000460904737,98.74665069217298,96.29664890942834,98.53610229492188,6332700,0.0580618480825148,0.155893809719682,0.1336001359408321,0.2062454206552788,0.15956315579654903,avoid
OTIS,2024-06-03,97.4684067460269,97.6258003482292,95.84524347509604,97.22247314453124,2469100,0.0812669457807984,0.0402333008850819,0.1609824298505497,0.231846134943966,0.15720653768784754,avoid
TEL,2024-06-03,147.4420524693174,147.67796515275754,145.39752087524647,146.56723022460938,1600400,0.0695795788372359,0.0467764434079467,0.1478863106852737,0.2381969694342749,0.15595792754460497,avoid
USB,2024-06-03,38.93532856386074,38.97353879087367,37.55024245195627,37.951438903808594,6361800,-0.0302660555368136,-0.0589621073212072,0.0659880767818474,0.3717564715451391,0.15367998463468704,avoid
BR,2024-06-03,196.01623973007813,196.9576420350582,193.760809488696,195.7122497558593,550600,0.0216534456216097,-0.0252494197450903,0.0380890908848101,0.3623790556732393,0.15349381014788166,avoid
VMC,2024-06-03,254.7793162071426,255.4243712976981,247.02864569715,250.2738037109375,685000,-0.044531330007376,-0.056802403166652,0.1850224271425824,0.2780786707562419,0.15092458281120347,avoid
T,2024-06-03,17.231541073953224,17.421630512504937,17.069965595032436,17.117488861083984,38332700,0.0707489377512002,0.0895834381749764,0.1227281768743737,0.220559017627838,0.1500336415235626,avoid
MCO,2024-06-03,395.27002627849606,398.9228800379647,392.55026525997727,398.68463134765625,660100,0.0693002708344401,0.0522475150464063,0.1053182550688875,0.2518721164347326,0.14972385318728457,avoid
VTR,2024-06-03,48.64906487220198,48.96912628639183,48.24171801754922,48.522979736328125,3321800,0.0824317187694392,0.1462899340306953,0.1126055859412928,0.1955746471412154,0.149512693321957,avoid
TSN,2024-06-03,55.68600761350186,55.68600761350186,54.4567140855898,55.19235610961914,2182500,-0.0563772454855497,0.0774411338568792,0.2391451061872702,0.1692210779641265,0.14928246526465253,avoid
MO,2024-06-03,41.85019509987235,42.40468345883423,41.83201475576176,42.31378173828125,8197700,0.0584356497922118,0.1977726272614735,0.1587140965949551,0.1405902444160733,0.14924841717643172,avoid
JNPR,2024-06-03,34.793387824792475,34.891014605875824,34.598137986706675,34.60790252685547,2067700,0.0294370820723877,-0.0523378563295833,0.2612679043901724,0.1930634089793526,0.14808187185011487,avoid
WM,2024-06-03,203.33893105248424,205.0481622457472,196.0894513228552,197.73974609375,3913400,-0.0282872636529417,-0.0231234051592575,0.1814613973604846,0.2516531262420238,0.14764626230780922,avoid
HPE,2024-06-03,17.298787515315226,17.46298602019803,17.0476602818323,17.33742332458496,22762900,0.0859043632021445,0.0543043458694267,0.0776770659422243,0.2601070504240199,0.14679724544637504,avoid
ABNB,2024-06-03,145.74000549316406,146.9600067138672,144.36000061035156,146.25,3843400,-0.0762963537633543,-0.0748940262645375,0.1575906620169671,0.303940756284115,0.14624506048949318,avoid
TRV,2024-06-03,209.9968649427605,210.34914358861872,204.7322604384046,205.82823181152344,1561800,-0.0187992758592697,-0.0354783753497234,0.1762700410019759,0.2551791230878029,0.14597705887984228,avoid
CINF,2024-06-03,114.4533801011432,114.82409242807783,112.62906936383098,113.507080078125,405400,0.0016355954694531,0.0419975233158291,0.1480200096362813,0.2323727972442086,0.14591818599867898,avoid
BXP,2024-06-03,57.46540658366556,57.60720094671631,56.3499402851866,56.75642395019531,975300,-0.0004993353056395,-0.0727975480263548,0.0866748931007874,0.3322787349117089,0.14430451875908487,avoid
TYL,2024-06-03,480.2799987792969,480.2799987792969,469.510009765625,474.1900024414063,161600,0.0209490831618146,0.0822796060339186,0.1598424975268475,0.1885056629006294,0.14190584394127118,avoid
AOS,2024-06-03,81.99800207228982,82.22381405141469,79.74973959900059,80.70205688476562,755300,-0.0161582029678635,-0.0303487535349739,0.0992833101565893,0.2941324651283201,0.1397524080945237,avoid
PANW,2024-06-03,148.2100067138672,148.5,145.56500244140625,147.24000549316406,4701000,-0.0028443597353985,-0.0165642246013829,-0.0020671163344487,0.3583653309941075,0.13912871660349196,avoid
BG,2024-06-03,103.62211818755463,105.06387307216212,103.24474808549849,104.8026123046875,1227800,0.0755846143040734,0.2101371572785892,-0.0003212988069442,0.2215272184801338,0.13810039063609544,avoid
PFG,2024-06-03,78.84149993862655,78.84149993862655,77.30807246246485,77.867431640625,720100,0.0119884997340693,0.0182660014205104,0.1127411645675608,0.2482490862471404,0.1379740341266334,avoid
KR,2024-06-03,50.906923447427054,51.11250820352858,50.564282187257845,50.769866943359375,5449700,-0.0536596180782722,0.0559832299686553,0.1851771904112342,0.1896334594354607,0.13723722508345837,avoid
VZ,2024-06-03,38.57988211220672,38.88904394984593,38.31756254404787,38.39250946044922,20688100,0.0526585198071771,0.0330839678671657,0.1047706926761329,0.2324739189518669,0.13630342093773748,avoid
PTC,2024-06-03,177.0,178.77000427246094,172.08999633789062,174.11000061035156,733600,0.0205744102066804,-0.0700245728280757,0.1064438226679704,0.2890352496422257,0.13559977311233432,avoid
MTD,2024-06-03,1388.9200439453125,1405.449951171875,1373.5699462890625,1399.4300537109375,164900,0.1196515251415248,0.0877469889943731,0.2816114447578006,0.0527413341066571,0.1350945173830301,avoid
CTRA,2024-06-03,27.672867284073035,27.70186501527485,26.6289729273983,26.802955627441406,5703500,0.028657764178618,0.062695349410716,0.0728162366383402,0.2440859194561757,0.13488408507397734,avoid
ELV,2024-06-03,524.0788310786238,534.0997249009315,523.450731822122,532.666748046875,1238200,0.0325527201962501,0.0795428203301908,0.1390256914074952,0.1836833344907207,0.1343448773042,avoid
PPL,2024-06-03,28.121667152196792,28.20804784846392,27.95850381820805,28.083276748657227,4894900,0.0479941754237216,0.1048572153236142,0.1414875603519327,0.164057450043578,0.133840108730106,avoid
MSFT,2024-06-03,412.3684041830937,413.2615504010757,405.80871145548105,410.3736877441406,17484700,0.04128771564491,-0.0015765840515536,0.09533112422839,0.2530966024409764,0.13365143299908785,avoid
SYK,2024-06-03,336.2707826222108,338.014668098062,333.7936863158276,336.2807006835937,1218300,0.0390655992287378,-0.0440727369888054,0.1510114395594601,0.2309227156638704,0.13276453065849889,avoid
TGT,2024-06-03,146.88025215250002,149.19805055070438,146.19458099424506,147.78805541992188,4162500,-0.0255286858905349,0.0238778446871334,0.1600380705241308,0.2059842503213735,0.13262782163416184,avoid
HAS,2024-06-03,57.2534639571292,57.35881551465059,55.6348912331801,56.19037628173828,2061600,-0.0410264436357424,0.1776046481341322,0.2959857003127704,0.0294241900920551,0.13198367139390535,avoid
ETR,2024-06-03,54.67609313337743,54.900595079802,54.28565642271048,54.554080963134766,3310800,0.0431130769506256,0.0956675201534744,0.11501602974057,0.174902416149199,0.12791058710760803,avoid
ABBV,2024-06-03,154.39134968888035,157.46952957912745,153.2623647111492,154.57469177246094,4467800,-0.0038554823458379,-0.0867776946809538,0.1463644355000424,0.2491935436633856,0.12584566094459243,avoid
CDW,2024-06-03,220.64004011369704,221.62715552125024,216.5040241460995,220.6104278564453,826600,0.0259512078122565,-0.0915879273683772,0.0652532524174811,0.3038755552637597,0.12540373313829842,avoid
AJG,2024-06-03,250.18102296318648,251.9625895937754,248.32027391540456,250.4383544921875,698700,0.0607445809711562,0.0433366628527533,0.0186746458894062,0.260712585950023,0.12462921881449734,avoid
KDP,2024-06-03,33.31625279697703,33.62789240565969,33.14095505271339,33.47207260131836,5123600,0.0241357234688595,0.1894212910608266,0.1036432541220579,0.1327783760434335,0.12450215721304204,avoid
SHW,2024-06-03,302.483018711235,303.1574440173613,295.7684280142128,299.5571594238281,1971300,-0.005734211192707,-0.1020049229276213,0.0882021302884024,0.2974613894797506,0.12447078917362603,avoid
TTWO,2024-06-03,160.25,163.72999572753906,160.00999450683594,163.63999938964844,1776200,0.1437757112768918,0.1182942482197124,0.0343868681817107,0.1893306471771738,0.1240847400970144,avoid
IBM,2024-06-03,161.64532612007437,161.87827776999103,158.72379637771883,160.42236328125,2776100,0.0135449557738651,-0.1353945985846986,0.0623265442800762,0.3273241593186933,0.12390320287194696,avoid
AEP,2024-06-03,86.89296744918339,87.25919512920625,86.4207177859403,86.81586456298828,2913800,0.0307505108402854,0.0707915119444266,0.1566409997395834,0.1463582357586577,0.12276894769825196,avoid
XOM,2024-06-03,112.38134497579657,112.43932095303732,109.92692785080575,110.59367370605467,19589300,-0.0074018259183945,0.1055922516818335,0.1334622315806855,0.1462859645320151,0.11893132303153894,avoid
CHD,2024-06-03,105.39320260596344,106.9652064771366,105.39320260596344,106.0753936767578,1502800,0.0160098763353497,0.0657333815015053,0.1165080408011867,0.1700452230207372,0.11771816538248692,avoid
TROW,2024-06-03,111.42367019789108,111.65903917050296,109.0229109869844,109.9926300048828,1227200,0.0510074489306218,0.0130846230873282,0.1933229983964539,0.1272547806443706,0.11661648128721222,avoid
DOC,2024-06-03,18.68791104930018,18.88561604353902,18.527863379622488,18.612594604492188,4435400,0.0476946521874408,0.1919470930841158,0.1797810304181375,0.0471863565601315,0.1159677355850611,avoid
DOW,2024-06-03,53.558241216625184,53.59546760604484,51.59459355103736,52.1808967590332,4696600,-0.0011904889686636,-0.0045187392097562,0.1106737439332319,0.2043725202959119,0.11392833455951674,avoid
ROL,2024-06-03,45.101816955495146,45.654851342305605,44.92405980437457,45.46721649169922,1440500,0.0323771201418707,0.024590781177791,0.1378974456647042,0.1608972884250175,0.11388401731916353,avoid
AVB,2024-06-03,188.0553481336144,189.595511499192,186.97045541530383,188.3653259277344,796700,0.0104442858872282,0.0601454524531415,0.1450879535401537,0.1416995751150074,0.11327973518740019,avoid
RF,2024-06-03,18.44359276570282,18.491524197941523,17.88760095051417,18.136838912963867,5484900,-0.0245614621781034,0.0072350090417752,0.1801394496442145,0.1487513319045812,0.11253322324564152,avoid
J,2024-06-03,114.29055586468102,114.331542204445,111.82326289028651,113.10199737548828,719579,-0.0459272799189659,-0.0602571805404806,0.0894143237965059,0.2553135619714592,0.11230555782754276,avoid
DTE,2024-06-03,111.64493645243954,112.16247760622008,111.00280490151764,111.40533447265624,1035000,0.0386916945537421,0.0686162031533799,0.13733827022256,0.1233603723845178,0.10813804010662531,avoid
EQT,2024-06-03,41.26458977374561,41.44186038190156,39.90551636349921,40.35853958129883,6901600,0.042005539897743,0.0958545366709282,0.0342268789821245,0.1860407317125669,0.10805581770362406,avoid
FE,2024-06-03,38.48261692958629,38.70328469680584,38.13722262961709,38.54018020629883,2421900,0.0388803375888062,0.089611828070637,0.1119325533245902,0.1290415479205924,0.10700678453862203,avoid
EW,2024-06-03,88.41000366210938,88.86000061035156,86.88999938964844,87.86000061035156,2658200,0.0329179770999761,0.0096529993069367,0.2975927012011987,0.0308576457800175,0.10684326624375157,avoid
EQR,2024-06-03,62.98719804978988,63.27608155421585,62.44793561728888,62.99682235717773,2248500,-0.002135341457045,0.0519160915098972,0.1757987327132175,0.1083088065786175,0.10623282660168719,avoid
CMS,2024-06-03,61.02765230652246,61.522233588780594,60.65913851423608,60.74641799926758,2244400,0.0307984215185934,0.0710025105926239,0.1229807946789627,0.128808325062135,0.10569791269892694,avoid
RMD,2024-06-03,205.9862972020053,208.88025226963265,202.5868962052619,205.54031372070312,1772300,-0.0472081571938304,0.1501302641767579,0.3210930372736365,-0.0416000651157189,0.10499312225177192,avoid
FRT,2024-06-03,96.8320000851704,97.83917094867591,96.7744499734865,97.15813446044922,388900,-0.0345058092833141,0.0066463087888659,0.0821889078175923,0.2060133464717746,0.10494069176342931,avoid
NI,2024-06-03,28.18278924171495,28.27977099418729,27.70758068935086,27.746374130249023,5819700,0.0038596634085883,0.0854548394440495,0.1379637249441465,0.1149615763359528,0.1048506822472938,avoid
AMCR,2024-06-03,9.780079218029464,9.98262526727285,9.741499061974698,9.847594261169434,17754700,0.0474499301646014,0.1274079680367514,0.1056624728173958,0.1073092407893223,0.10484902478475808,avoid
LIN,2024-06-03,427.38372425438615,429.7857241914946,423.3672023028424,427.57073974609375,1809000,0.0350555351082089,-0.0438667733720081,0.0560474088671079,0.2332412478847267,0.10484292065044233,avoid
STE,2024-06-03,220.2013686677126,226.4591782212105,219.57756392000184,226.1225128173828,530800,0.1073020447835513,-0.0210058271933001,0.1390519525349831,0.13880178545287,0.10376533898133804,avoid
CNP,2024-06-03,29.69803182783653,30.01924940121854,29.62989504811732,29.931644439697266,5116200,0.0530142636819097,0.1080391716877273,0.1031452795921241,0.1143650662843611,0.1035988710971181,avoid
PG,2024-06-03,160.01821860316613,162.2731088154725,159.7253892590662,160.72103881835938,5828400,0.0049439014402554,0.0385632527367383,0.086240894765126,0.173031166192781,0.1032917755980234,avoid
MMC,2024-06-03,204.14654128302752,205.07300409713915,202.21476615583688,203.53546142578125,1167900,0.0358648468525359,0.0265233489061198,0.0429049252001936,0.201242767408875,0.10225973899008563,avoid
VTRS,2024-06-03,10.207982184201322,10.360768469613843,10.074295436640284,10.10294246673584,7438000,-0.0777591652972825,-0.1259600765256029,0.1768117593829041,0.2050191581122959,0.10208325922494077,avoid
INTU,2024-06-03,571.8995921177379,572.8037601992881,558.9833903722284,563.5636596679688,1566900,-0.0762491868907683,-0.1502039995902613,-0.0045363572696427,0.3523288697657529,0.10190492211827926,avoid
CBOE,2024-06-03,173.60000610351562,175.2899932861328,173.25,174.99000549316406,775200,0.0049966138316912,-0.0758871729555855,-0.0395191659902292,0.3186262222549281,0.10091696589695451,avoid
VRSK,2024-06-03,250.7043518355979,252.6699706846977,249.7612601452255,251.9055633544922,639800,0.085515118678304,0.059348853576725,0.0542169840291604,0.1604864531630139,0.1008809590571291,avoid
HII,2024-06-03,248.82213406525904,249.32918233123016,243.5956937799157,244.1417388916016,196500,0.0264790613661669,-0.1509550014571667,0.0666741644629391,0.2705316380389404,0.10067181039964124,avoid
SNPS,2024-06-03,564.97998046875,566.8699951171875,549.969970703125,561.1799926757812,934200,0.0722228351108529,-0.055761230044471,0.0330431177446102,0.2345836712053297,0.09981644130770603,avoid
LYV,2024-06-03,94.12000274658205,94.54000091552734,93.3499984741211,94.3499984741211,1829200,0.068879597397518,-0.044072934231216,0.1202801841200613,0.1629483750555183,0.0993367781517343,avoid
NTRS,2024-06-03,81.37228142611028,81.57419688346006,79.73772353191981,80.39154815673828,1309100,0.0013172775364649,-0.0019080771699002,0.0748341807902688,0.1895647177162158,0.09802625364323342,avoid
IVZ,2024-06-03,15.059638296562238,15.07868859951622,14.745299667909814,14.907231330871582,2687100,0.0914336226462126,0.0146212129227438,0.1258845849392413,0.1200570512827403,0.09785580084403853,avoid
BLDR,2024-06-03,161.5,161.8000030517578,151.55999755859375,152.1199951171875,2498600,-0.1940235737531698,-0.2425811696328516,0.1342927031904419,0.3129638729140165,0.0975547688208519,avoid
FAST,2024-06-03,31.53517195760536,31.58779898500459,30.520839573301547,30.769636154174805,8076600,-0.0555148005042515,-0.1300747680041345,0.1041705181428398,0.243456326086509,0.09706725222620351,avoid
ALLE,2024-06-03,120.69014308241212,120.69014308241212,116.99584850509451,118.70999908447266,545500,-0.0143956179136289,-0.0609731817530306,0.1442922240776234,0.1682094578107462,0.0969372522056165,avoid
ADP,2024-06-03,237.8425485876883,239.16730598488093,235.77749126923567,237.69644165039065,1113300,0.0082222510595844,-0.0031290933884342,0.0739273617503302,0.1783873577525903,0.09372955805440679,avoid
MA,2024-06-03,440.8859684512707,442.3970666106614,435.32866961476026,440.59765625,2123800,0.0047380475525076,-0.0526930215760874,0.0741206664776463,0.2019829487058342,0.09296457986566084,avoid
V,2024-06-03,271.1190831237234,271.1588029236494,266.1253862639194,268.4286499023437,4838800,0.0122209417752607,-0.0343977290666169,0.0572912857103273,0.2029787156056655,0.09272142031956708,avoid
F,2024-06-03,11.358099241746746,11.423002383028823,11.14484555796907,11.302467346191406,53784100,-0.0121651714735644,-0.0315496811953466,0.2349877788114938,0.0742051545368565,0.09265194207176497,avoid
WAT,2024-06-03,307.7799987792969,316.8500061035156,307.0899963378906,309.8999938964844,513000,-0.0179985832988828,-0.1062983470731077,0.1043797800289461,0.2103576923686629,0.09239748321163917,avoid
CTVA,2024-06-03,55.00147804327048,55.24807721695638,54.19263305460508,54.814064025878906,2310900,-0.0247454623296736,0.0365603560431426,0.2330419572318487,0.0416877263462462,0.09142520268371425,avoid
CDNS,2024-06-03,287.3099975585937,289.6700134277344,281.260009765625,286.1499938964844,1265700,0.0351251315631724,-0.0982005102324435,0.0471328920138687,0.2313352323595325,0.09054637165780215,avoid
HES,2024-06-03,150.22962500872967,151.13373297199232,145.18824055048506,146.68197631835938,2563600,-0.0586529903468587,0.0280557037336166,0.0682610468857134,0.1703923884773277,0.08838111116868255,avoid
JBL,2024-06-03,119.12018929794768,119.12018929794768,115.69822715035087,116.9552764892578,768300,0.0177827596484145,-0.2106738278222925,0.0178408091328623,0.3067122946472362,0.08768067099913612,avoid
SPGI,2024-06-03,425.3556042726013,429.1580182477642,421.7616699953142,426.1697082519531,1230000,0.0316776623304086,0.0111138520362374,0.0366335516504432,0.1734923397992209,0.08577753805510965,avoid
CPRT,2024-06-03,53.060001373291016,53.54999923706055,52.310001373291016,52.650001525878906,4225500,-0.0321691167447394,-0.0268021624609803,0.0483871016748207,0.1994532629414005,0.08572009151233642,avoid
SRE,2024-06-03,74.54739775222329,75.1093558633901,73.82072051619453,74.32454681396484,2172400,0.052696488287538,0.0939342080883962,0.0707080310133683,0.1003485990807864,0.08540833938275809,avoid
CPT,2024-06-03,100.02303332093686,101.72226840694005,99.02859699140475,100.06165313720705,1042500,0.0309359849240538,0.0829077551625687,0.1726043821294094,0.0319839720546459,0.0842500529856003,avoid
BLK,2024-06-03,757.8621989546392,758.0663936409343,747.3910052420897,755.801025390625,571000,0.0269088470084575,-0.0626456733753787,0.0481656784899695,0.1945438393523189,0.08242898931368842,avoid
PCG,2024-06-03,18.459882081259565,18.47980495599123,18.13113089654813,18.17097854614257,12104200,0.0405020101594688,0.0838010702375529,0.0635640439794607,0.1027411959086126,0.08097610662074073,avoid
TMO,2024-06-03,567.1505275784478,571.3738413642332,560.7956161080134,567.3397827148438,943700,-0.0029234493699094,-0.0200904081544444,0.1504348493343283,0.0996005364981265,0.08066024283166927,avoid
NUE,2024-06-03,165.15461112293858,166.0301621047225,162.22297816323822,164.1019744873047,1442000,-0.0217569428816918,-0.1062435131604982,-0.0128560360228218,0.2694184813182345,0.08048618480017844,avoid
ORCL,2024-06-03,116.23191369663014,118.01203623163045,116.04400977762177,117.96258544921876,7256300,0.0375782759117051,0.0491402380326018,0.0337201428713549,0.1415354522115417,0.08031609894371401,avoid
CVX,2024-06-03,154.47416524057778,154.65589853949976,149.66269186041308,150.61924743652344,9009900,-0.010452173309811,0.0683100552597884,0.1196763810944399,0.0780255509204952,0.07972992841750662,avoid
CBRE,2024-06-03,88.63999938964844,88.72000122070312,86.41000366210938,86.58999633789062,1760700,-0.0023044656703181,-0.0604384451268071,0.0966311720097068,0.1542255426892711,0.07836143308622726,avoid
ROP,2024-06-03,529.6998272984624,533.2791245640149,526.8960181437997,533.0802612304688,549900,0.049606415034751,-0.0188603980282816,-0.001077268972755,0.1908029355912903,0.07718655544250841,avoid
UDR,2024-06-03,37.22094774559105,37.42250801331852,36.98099835855379,37.297733306884766,2476700,0.0343360515741095,0.0542894458017779,0.1897120945687911,0.0127850244941165,0.07631913248605046,avoid
AAPL,2024-06-03,192.0020557606219,194.0823384761381,191.62383496596823,193.1268005371093,50080500,0.1228871162364309,0.1096124680849903,0.0241699670757487,0.0831275420116808,0.07471321216803807,avoid
K,2024-06-03,58.2778889799592,59.09473255390188,58.20981899125865,58.238990783691406,2257100,-0.0135274720318566,0.1252983879349041,0.1621705356960705,0.0054141018743099,0.07452373184234028,avoid
STT,2024-06-03,73.00301255909628,73.3895216030285,71.94009057172033,72.7904281616211,1984400,0.0290983210470137,0.0271918535978303,0.0531030311191662,0.1239959826937746,0.07387750523752713,avoid
NEM,2024-06-03,40.87592241785045,40.98295351983318,40.54510069886656,40.75916290283203,7828900,0.0204627967643231,0.2511945740196764,0.0505216933220777,0.0144714115137816,0.07323026708250353,avoid
IT,2024-06-03,420.1400146484375,424.2699890136719,416.9299926757813,424.010009765625,385800,0.0118604455883841,-0.0973709212014369,-0.0249056817759933,0.2462086231355251,0.07272360503996309,avoid
DGX,2024-06-03,138.1209614413762,139.42454598587662,137.05261525834163,138.30718994140625,634300,0.0349861185046032,0.1325467401531119,0.0396275641866019,0.0759868128966945,0.07229095429574108,avoid
KO,2024-06-03,60.45903444871816,60.82539544382488,60.20836872223632,60.67113876342773,9369000,0.0151637798777608,0.0605811753380578,0.0854443247386775,0.0822757018087108,0.0721761912004752,avoid
COP,2024-06-03,112.74190135862334,112.90675527606884,109.54175847449989,110.42422485351562,7129500,-0.0626223693999413,0.0264637642615888,-0.0013680066121354,0.1834309637389211,0.07199249942425145,avoid
BKR,2024-06-03,32.725004980938394,32.76410385124223,31.151312737943936,31.424999237060547,7403200,0.0135561189242461,0.0996550477408773,-0.0341209740213526,0.1523485052429645,0.0719897313313801,avoid
WTW,2024-06-03,250.62182800297705,255.3552114932003,250.49337505044417,252.0250396728516,370300,0.01009945772183,-0.0596443609621,0.0424792590865068,0.1748243227642831,0.07175458041142829,avoid
YUM,2024-06-03,134.50259668533732,136.66028447559063,133.59048912847842,136.65048217773438,1618100,0.0366081165062883,0.0105716170520755,0.1207916541906917,0.0740519200143965,0.07163339932401004,avoid
DIS,2024-06-03,103.2341805064753,103.28373435270528,101.55936786804872,101.84675598144533,6908600,-0.0874623343669164,-0.0960506662307603,0.112363082158621,0.163844093415755,0.07129019533104461,avoid
KMB,2024-06-03,128.78223174095456,129.61451432838533,127.9499637506192,129.04052734375,2184300,-0.0117949392701669,0.103097871304683,0.1116708083090847,0.0458111872290536,0.07126579771826677,avoid
TRMB,2024-06-03,55.68000030517578,55.91999816894531,53.900001525878906,54.5,1409300,-0.0930271282807967,-0.1286970317385866,0.174568926891165,0.1347075033341866,0.07121156022522716,avoid
KIM,2024-06-03,18.29512300892754,18.57862108597164,18.29512300892754,18.455772399902344,4182900,0.0300634508201851,0.0077019977955015,0.0400593328281444,0.1310532272306359,0.0689858353818165,avoid
PNW,2024-06-03,73.9196403612555,75.31181882436883,73.58359980986079,73.85243225097656,2645200,0.0250533785670559,0.1298351733838461,0.0517652895439058,0.0594887368413332,0.06779745413317984,avoid
EXR,2024-06-03,138.39151750433282,138.39151750433282,136.53060777610787,137.62246704101562,545700,0.0369125406479879,-0.006265800435099,0.1385138644893182,0.0575415278963997,0.06700886448313434,avoid
TECH,2024-06-03,77.50545099257712,78.79903583797137,76.72930312203165,77.5154037475586,863700,0.0314596178865131,0.0413775445725232,0.2411799964047665,-0.0420732237372696,0.06694618012967807,avoid
EG,2024-06-03,384.7916243468973,386.996047571466,377.6665921153351,380.6189575195313,201500,0.0448614131227012,0.0625877848924874,-0.0488344599206463,0.160694172454648,0.06663102929643291,avoid
NCLH,2024-06-03,16.700000762939453,17.229999542236328,16.649999618530273,17.190000534057617,12801000,0.0777429930796727,-0.114830048067739,0.1257367399303361,0.1083172327778165,0.0658562047846469,avoid
LMT,2024-06-03,454.0256718354019,458.4295152873784,453.06112037344354,455.5845642089844,990100,0.0163056501836738,0.0898569013890375,0.0590408032271647,0.0691736672620368,0.06498365316913901,avoid
UNP,2024-06-03,227.79709146050504,228.2859264207208,222.26347613052943,223.2216033935547,2593900,-0.0339427065107834,-0.0940854245547136,0.0303276872925168,0.1930714669255546,0.06411553739595582,avoid
AME,2024-06-03,168.60374420060924,168.86160330251587,163.47620861946527,164.84487915039062,1301900,0.0175707586045796,-0.0807925659335713,0.0741149340444735,0.1384021908865433,0.06319391924170306,avoid
REG,2024-06-03,58.53541155186623,59.17342387949575,58.525886919541165,58.98297119140625,954400,0.0319893338630092,-0.0044957912317005,0.007917566567922,0.1456104804989522,0.0629192373099183,avoid
PAYX,2024-06-03,116.7872664331372,116.942804891702,115.40689598754292,116.79698944091795,1978400,0.022621524529419,-0.0098944489066959,0.0003456719938705,0.1553158225919382,0.06251329330653915,avoid
SWK,2024-06-03,83.41622360305118,83.67324445745389,81.18874826504195,82.80699920654297,1720000,0.0235322242067721,-0.0204304150640488,-0.0343318782933913,0.1856948793704946,0.0622455276680479,avoid
LYB,2024-06-03,91.00310059509629,91.1333836344679,87.92282615012077,88.87203216552734,2770300,-0.0199964345564003,-0.0477597496712548,0.0307746626250846,0.1611730597814027,0.06215002931019548,avoid
POOL,2024-06-03,359.0753099604066,359.4695780682148,350.07599826824514,355.9605407714844,247900,0.0060306041083491,-0.0966626490338977,0.0459176078995413,0.1677333741795712,0.06213916264574625,avoid
OMC,2024-06-03,89.09550900342359,89.69089013100529,86.54114703317208,86.77161407470703,1511200,-0.0245060359140876,0.0207089418624666,0.1384940500816782,0.0451358251316789,0.06129372985825959,avoid
AZO,2024-06-03,2772.179931640625,2794.340087890625,2728.969970703125,2772.6201171875,157700,-0.0639649588909198,-0.0997811093934619,0.0623350778787408,0.1681173695128583,0.05959475340098121,avoid
EOG,2024-06-03,120.49143427471466,120.68546679494897,114.8646244164297,116.06759643554688,3239500,-0.0922610981810987,0.0398875709431585,-0.0009031347286301,0.1517324462802998,0.05917344246405273,avoid
HD,2024-06-03,325.7934325331598,325.7934325331598,319.1437921293148,320.2862548828125,3712800,-0.0156162727386559,-0.1264671431595132,0.0598924670372285,0.1672831849066458,0.058025958168058625,avoid
NDAQ,2024-06-03,58.31352206542744,58.34302555529939,57.33015743109903,57.762840270996094,2599100,-0.022140735647172,0.0348800692845998,0.0599984683339238,0.0849169835686705,0.0567282742198481,avoid
FDX,2024-06-03,248.1837084017748,248.7811991693451,241.65049801144625,243.5213165283203,1409800,-0.0511773681070196,0.0125954117588986,-0.0300190368804459,0.1676651814970355,0.05546170707575819,avoid
ARE,2024-06-03,113.7449768036369,113.7449768036369,111.47045845715368,111.98436737060548,1318200,-0.0042310976587243,-0.0565370768080105,0.0974893778494747,0.0941064782620915,0.05515887953220449,avoid
EXPD,2024-06-03,119.50168026157424,119.93604720098932,117.34956383966995,119.65962982177734,1401300,0.070549675528583,0.0165581903376841,0.013348210048554,0.1002368479517243,0.05446580781565105,avoid
DVN,2024-06-03,46.9075653840747,46.9556355303662,45.11932806890142,45.26354217529297,8211700,-0.0647595344655732,0.0710171930452283,0.075454415597034,0.0590751898590689,0.053993885785226105,avoid
RVTY,2024-06-03,109.11050732654934,110.53685397291028,107.6841606801884,108.5220184326172,826400,0.0763751060544652,0.0033710937213431,0.2255107393964084,-0.0569431593396465,0.05318768743277905,avoid
ED,2024-06-03,91.3714636996849,92.00927228348924,90.29877858914242,90.53070831298828,2211800,-0.0080506783535605,0.0600604444984429,0.058351952093373,0.0578170906315045,0.05183944294494624,avoid
APD,2024-06-03,259.67184956236343,264.83093589948845,259.1452026289288,264.206787109375,2101800,0.1116991787063972,0.1446539051115061,0.0151528440603636,0.017629290514562,0.051698268316874824,avoid
CHRW,2024-06-03,84.05713898845093,85.23899695943331,83.95058493006952,84.38651275634766,1295500,0.0763622261947973,0.2364798311877236,0.0704472711731736,-0.0611773507342209,0.05159542991528817,avoid
HST,2024-06-03,17.111670532409956,17.234913498641323,17.007390108900914,17.206472396850586,5599800,-0.0162601767867573,-0.1300014697441025,0.0732210084258551,0.1424240574553572,0.051309613882403175,avoid
EVRG,2024-06-03,52.35559114053719,52.68167483584504,51.92400924107696,52.06787109375,2002300,0.0256720084077981,0.1126441683854462,0.0897546956533819,-0.0043093430473125,0.05029870599495863,avoid
HON,2024-06-03,199.6240253869109,199.6240253869109,196.8522839627787,198.29202270507807,2443500,0.0510843215237928,0.0215415473549684,0.0445624783475748,0.0676850834671092,0.04985951851448908,avoid
HAL,2024-06-03,35.56064594574225,35.570333868486195,33.390185320404484,33.661495208740234,7969000,-0.0534060730029175,-0.0077121328508273,-0.0531160761768555,0.1795433388816143,0.04899947882913186,avoid
CPAY,2024-06-03,266.3599853515625,266.3599853515625,258.1600036621094,258.3500061035156,551700,-0.1357797417755974,-0.0827919416782424,0.0742203995988175,0.1331140618575246,0.045375382109446874,avoid
A,2024-06-03,129.03977504316936,131.60072008847908,129.03977504316936,130.42942810058594,3114800,-0.0445026409183785,-0.078724155268588,0.0315809951764625,0.1384321847356231,0.04465207730163254,avoid
CAH,2024-06-03,96.83914557372796,97.9885989911397,96.58370898249476,97.76264190673828,1774000,-0.0336958359456739,-0.112615552992328,-0.0618522019186207,0.217715296295522,0.0426377637495896,avoid
EFX,2024-06-03,230.3567612620645,231.1318366952039,227.16701608531733,229.68104553222656,476800,0.03123787373558,-0.1399007379343415,0.0650164513751012,0.1159713730708142,0.04103712442754575,avoid
NOW,2024-06-03,659.7999877929688,664.3699951171875,645.4500122070312,660.1099853515625,1907700,-0.0511843656228144,-0.1494414790689034,-0.0373756893980363,0.2157616742265529,0.040085230495148165,avoid
PYPL,2024-06-03,63.040000915527344,63.52000045776367,62.58000183105469,63.459999084472656,9039800,-0.0525530620490265,0.058019332590788,0.1015448431199972,0.0065027732335183,0.039413122542661425,avoid
LNT,2024-06-03,49.60681745525766,49.993616733448775,49.30705151901129,49.41341781616211,1608400,0.0049163467754491,0.0630293992159301,0.0304116848122228,0.0417489122035863,0.03892058484583229,avoid
INVH,2024-06-03,33.6308548414914,33.76626752740388,33.34068427314765,33.56314849853516,1555700,0.0057972035054838,-0.0119782662524443,0.0573859616832435,0.058541711495049,0.03881654020305216,avoid
JKHY,2024-06-03,162.03787187267386,163.31151460686633,159.609089322923,161.18878173828125,350700,0.0079082831883838,-0.0532203842214092,0.0354377047612026,0.0942829377965956,0.03849123802155557,avoid
LOW,2024-06-03,215.6212969910817,216.92666690607828,211.99963417768868,212.7161102294922,2480500,-0.0559717734770474,-0.1005123904253473,0.100744101386913,0.0846716180367221,0.03839222219798854,avoid
CME,2024-06-03,193.3255952561985,194.29603293385065,190.4999197516348,191.9460601806641,2035900,-0.0276171188058732,-0.0837513166264323,-0.0430220911565837,0.1741702788036463,0.03724950896860963,avoid
STZ,2024-06-03,243.15059554251943,246.84643390303324,241.8565711970764,245.3955535888672,1126100,-0.0147984447258328,0.0132626273788976,0.0487850495935058,0.0466366486110145,0.03446285532565378,avoid
FTV,2024-06-03,74.28506463301139,74.52404931379645,72.11426748981647,72.64202880859375,1826200,-0.0403496507443503,-0.1387028459615219,0.0597080624565729,0.1188370803436744,0.03367171660770221,avoid
ATO,2024-06-03,113.24160255975004,113.8863564725619,112.6652384132484,112.84107971191406,892500,-0.0228346076411959,0.0144011809881969,0.0294126121942572,0.0596129949280763,0.03326575706302747,avoid
COO,2024-06-03,94.33000183105467,95.2300033569336,92.3000030517578,94.72000122070312,1675300,0.055376058169394,-0.0783302100351522,0.1245399198111989,0.0126123668957873,0.03227848651158355,avoid
PSA,2024-06-03,261.2013029500361,261.5536938586761,258.7154995789928,261.33465576171875,472100,0.0396318159788893,-0.0274956822577816,0.0831614795146538,0.01026067547225,0.027516759189628752,avoid
ITW,2024-06-03,237.21967366210905,237.8251948434705,232.4438324898283,234.27017211914065,1022200,-0.0089655167071777,-0.0692029302914497,0.0009032369522028,0.1045720030167733,0.027362634563362458,avoid
WYNN,2024-06-03,94.42816982801668,94.42816982801668,92.48027862560878,93.84479522705078,1197200,-0.0012073605388551,-0.0458741065850563,0.1298330844112303,-0.0058941168341165,0.027296721218825714,avoid
AMT,2024-06-03,188.24058021357192,189.9981343282129,187.2705702544937,189.17218017578125,2333200,0.0964706939498065,-0.0359476417724284,-0.0405490241723435,0.0908325577969975,0.026625856907590922,avoid
SNA,2024-06-03,266.5538609671926,266.6805779866227,258.75618342223737,262.0701904296875,216000,0.014309802885867,-0.0485787316112907,-0.0077615720493743,0.0925952903537152,0.026424878493002353,avoid
OXY,2024-06-03,60.79822997790904,60.81777341100005,58.814614385752144,59.18593215942383,7562900,-0.0632539927924488,0.0017948738974855,0.0309934558332871,0.05531687250076,0.02545836125054235,avoid
DE,2024-06-03,369.8670745112516,369.9951769397324,359.2152673700986,362.7330322265625,1284200,-0.0703101803777379,0.0138930046712639,0.017645470378353,0.0587935989413164,0.024558663586511452,avoid
MDT,2024-06-03,78.84571401700683,79.77433395673414,78.46846239711809,79.43577575683594,6151100,0.014829635175984,-0.0265715758091611,0.0532789837185851,0.0256139342670875,0.022397917178176713,avoid
FFIV,2024-06-03,169.5500030517578,169.67999267578125,166.32000732421875,166.91000366210938,518600,0.005058085752057,-0.1365235332282032,-0.0250014528784284,0.1412649823050213,0.02220665898804506,avoid
BWA,2024-06-03,35.23200145905659,35.49838781486055,34.936017873819566,35.429325103759766,2969400,0.0109769044371874,0.1683785011014107,0.0730277208903384,-0.0874511956662608,0.021701228664598084,avoid
MAA,2024-06-03,129.31946345120846,130.07863341726647,127.99330248448284,128.4833984375,475000,0.0153403393038005,0.0456753241979372,0.098342941548762,-0.0511433162939376,0.01971465471702105,avoid
INCY,2024-06-03,57.560001373291016,59.06999969482422,57.560001373291016,58.79999923706055,7764700,0.1075531939736549,-0.015405257281268,0.0820758018393243,-0.0440578630860399,0.014673863258493217,avoid
SYY,2024-06-03,70.51854159048088,71.53025837868634,70.36289685024352,71.19950866699219,2807000,-0.014276117463892,-0.0736938626298375,0.0273664598707528,0.0553617362271356,0.014188248179723376,avoid
NSC,2024-06-03,221.15331315514285,221.2706518414656,216.44979847913305,218.8357696533203,980900,-0.0428143337102244,-0.1314274297282176,0.0378036218436588,0.0808672398886274,0.013121063191882637,avoid
IDXX,2024-06-03,495.2799987792969,498.4200134277344,486.989990234375,492.4299926757813,473600,0.0349081272243447,-0.1380234431057242,0.0571250374246838,0.0480801900944269,0.012255711366465524,avoid
CSX,2024-06-03,33.15742592009926,33.36428953026728,32.37922042538288,32.684593200683594,9721700,-0.0080430289079925,-0.1323607846886019,0.0342291066725941,0.0720518564563321,0.011813014755791437,avoid
IQV,2024-06-03,220.8600006103516,222.1699981689453,214.8099975585937,216.47000122070312,1393200,-0.0255244358716313,-0.1394895717858216,0.0110695705260357,0.0879529571927202,0.008051696090571341,avoid
MGM,2024-06-03,40.16999816894531,40.470001220703125,39.380001068115234,40.209999084472656,3357100,-0.0161487610633923,-0.0428469247554793,0.0195233388583901,0.0278629903463387,0.006817936738617423,avoid
APTV,2024-06-03,83.48999786376953,85.3499984741211,83.22000122070312,84.6500015258789,2418200,0.0881861489859201,0.0784813839949509,0.0218494117335008,-0.0616339387542546,0.006416139715930589,avoid
GPC,2024-06-03,139.43597988372565,139.92660760966857,137.50229921224175,138.6374969482422,812400,-0.0781091396568595,-0.0390745626350776,0.0925286682527171,-0.0147229603812388,0.006243589830618139,avoid
CNC,2024-06-03,71.4000015258789,71.94999694824219,70.3499984741211,71.12999725341797,2708500,-0.0430513184287286,-0.0918028915911934,-0.0346091617969046,0.0953186723021268,0.005079010220667807,avoid
KMX,2024-06-03,71.5,71.51000213623047,70.01000213623047,70.52999877929688,1551500,0.036596088040341,-0.1137220764454193,0.1030653783879678,-0.0178247990922496,0.004704887394440737,avoid
EA,2024-06-03,132.19561964777742,134.2052049091533,131.92700600543898,132.3050537109375,2254300,0.03643311608555,-0.0405471797827108,-0.033697977960843,0.0474999246456728,0.004424452122029059,avoid
ZTS,2024-06-03,168.15794545154495,172.34113755213184,168.09861196187433,170.462158203125,2142700,0.0307361471805354,-0.0798388364171183,-0.0193379390257819,0.0484957812045387,0.0007027782087107907,avoid
BDX,2024-06-03,229.5785484575168,236.11421249868823,228.42577822051103,233.3299560546875,2081200,-0.0062824810822428,0.0176404402932723,0.0195055666900394,-0.0226662135626838,-0.00031497546763152074,avoid
CPB,2024-06-03,42.95969145293896,43.12380536047728,42.52526687025433,42.68938446044922,2637500,-0.0363913457505487,0.0303011164237907,0.1190462738459789,-0.0967741466835235,-0.0005746878099124604,avoid
CAG,2024-06-03,28.48948379177065,28.66042098433129,28.09063094623336,28.233078002929688,3125900,-0.0363047261828054,0.0855092815548335,0.0755799032184276,-0.0949519801775885,-0.0018354374128209633,avoid
CMCSA,2024-06-03,38.70080553911751,38.76853165354726,38.004189858358544,38.29444885253906,15651400,0.031804055222864,-0.0472556874042442,-0.0418286182908789,0.0421390787361235,-0.001963685951376708,avoid
PEP,2024-06-03,165.34557792952717,165.5178856691624,163.72773153998503,163.919189453125,5032400,-0.0240525364703607,0.0354355894212654,0.0252344964724844,-0.0390506909194088,-0.0033680631888011892,avoid
ANSS,2024-06-03,316.739990234375,317.5299987792969,311.25,314.75,502200,0.0006994602154228,-0.0755698136633381,0.0729138795899642,-0.0262652842806333,-0.003675966546389403,avoid
EXC,2024-06-03,36.13666783739909,36.16554117416221,35.703604497124246,35.799842834472656,3995600,-0.0083796323739417,0.0379142783864934,-0.0138888815919229,-0.020403472459764,-0.005583161021577958,avoid
NOC,2024-06-03,441.4476471709384,445.5751449104433,441.0938445127517,441.5753784179688,1085600,-0.0498527881859144,-0.0190402384533074,-0.0462705890464104,0.0420651143510015,-0.005848457482775439,avoid
AWK,2024-06-03,128.11605419823042,129.180997572753,127.02178664169804,127.76432800292967,1186000,0.0441644402898711,0.0806287167264336,0.0033137587310443,-0.0687027714812599,-0.0059447935989168435,avoid
WEC,2024-06-03,78.1734885835184,78.54031631530924,77.64254692502058,78.3665542602539,2767200,-0.0132247806341277,0.0283653797058129,-0.0090389589240231,-0.0203834116216384,-0.00651445444811248,avoid
ORLY,2024-06-03,63.956668853759766,64.34666442871094,63.59999847412109,63.77399826049805,6589500,-0.0493128176829259,-0.1125902420003199,-0.0262321900307856,0.0685036806494019,-0.007917514917831483,avoid
IEX,2024-06-03,205.84709731809937,207.4747850458116,201.06271745435865,203.3217315673828,581900,-0.0629276064447188,-0.1299289350283825,0.028259816217435,0.0395346997518826,-0.007986722884164837,avoid
CRL,2024-06-03,209.6499938964844,210.0599975585937,204.9499969482422,207.92999267578125,742100,-0.0955239756934638,-0.1969334856619132,0.0550537382987628,0.0590302360907903,-0.008810878775784063,avoid
GEHC,2024-06-03,77.93264315471035,78.67144133348292,76.12559859595409,77.02413177490234,3059500,-0.0087369375012886,-0.1677215129870456,0.1277764453434249,-0.0320501745447502,-0.00890513256241059,avoid
MSCI,2024-06-03,488.4362938302349,490.066978346545,478.3161391084871,484.75982666015625,789900,0.0521844640901192,-0.1186726801463954,-0.0525387187754335,0.0624061384437804,-0.009315249875385047,avoid
UNH,2024-06-03,482.92394229914095,487.3707437900048,481.8879837563179,486.1588745117188,2795100,0.0090674126500638,0.0363810786279201,-0.0937940255366457,0.0232774533566109,-0.010644269327758948,avoid
O,2024-06-03,50.2942847568162,50.44563457854635,49.82132738904454,50.42671585083008,4398700,-0.0243022822910241,0.0261584187529877,0.0165374398416242,-0.0473180711303249,-0.011164540978147574,avoid
HOLX,2024-06-03,73.26000213623047,74.66000366210938,73.26000213623047,74.52999877929688,1065000,-0.0181794864475989,-0.0009383337299732,0.045301480915707,-0.058370216772156,-0.011763257824904835,avoid
KHC,2024-06-03,33.196989382729626,33.30023193868692,32.85441571651011,32.94357681274414,6283600,-0.044117772394736,0.0131768729015728,0.0111567294154151,-0.0383764790902172,-0.013779975470621392,avoid
ENPH,2024-06-03,131.2100067138672,131.61000061035156,126.73999786376952,127.5500030517578,2226200,0.202621214292332,0.0288779688295817,0.2626213352830506,-0.2971289899500691,-0.014027480199962927,avoid
LUV,2024-06-03,26.47316219364308,27.483142464867463,26.220666662763342,26.89075088500977,10037000,0.0484665509859274,-0.1839082202974038,0.0953333672068248,-0.0272114494920604,-0.014219558595664747,avoid
VICI,2024-06-03,26.838440330485103,27.137163555365568,26.703080812795253,26.85711097717285,5194800,-0.001041605846614,-0.0178961441249717,-0.0105695348956336,-0.0191862055860616,-0.01452873211277046,avoid
WY,2024-06-03,29.17593291884825,29.24400979886596,28.80637191805675,28.893898010253903,2974200,-0.0354309373096368,-0.1491687324230975,-0.0362534725630698,0.0711673532732433,-0.0157859406752068,avoid
LH,2024-06-03,192.60555232452188,195.35268274516568,192.5067286087477,192.7043609619141,614600,-0.0225966999885298,-0.1066864440858194,-0.094693027871953,0.083283882897938,-0.01869131401842755,avoid
TDY,2024-06-03,397.9400024414063,398.6799926757813,392.2699890136719,393.6099853515625,233900,0.0207727674306534,-0.0813164333360638,-0.0232033112512063,0.0056206577983946,-0.018898740180151467,avoid
CTSH,2024-06-03,65.15840932674253,65.29631011775972,64.12414587908411,64.79395294189453,4379100,-0.0031418731747626,-0.1646207957330181,-0.0577324995614676,0.0753383068220516,-0.02042277360369952,avoid
ES,2024-06-03,56.52760317549486,57.147525773754985,56.2700955221156,56.91863250732422,2077300,-0.0059423428520301,0.0251060633791553,0.0401269493651799,-0.0926555763918981,-0.020597167356577222,avoid
MKC,2024-06-03,70.62211958111952,71.19874275708318,69.6838803320592,70.27027893066406,1624700,-0.0431194680221199,0.0557446222218758,0.1220934255718122,-0.1605810963860242,-0.02076743324070284,avoid
ABT,2024-06-03,100.16206489638353,102.08354438169366,99.9169781128574,100.84831237792967,4915100,-0.0287951750662973,-0.138785580159477,-0.0039351613927075,0.0207703414807727,-0.0235090453640283,avoid
HSIC,2024-06-03,69.38999938964844,69.87000274658203,68.91000366210938,69.68000030517578,783200,0.0157434672751795,-0.0925901878575689,0.0442079544408664,-0.0510690451370687,-0.024108922566563388,avoid
NDSN,2024-06-03,232.41359391553485,232.41359391553485,224.41769003112825,226.15293884277344,257200,-0.1249784361245833,-0.1332895801601756,-0.0177211906302964,0.045443836617101,-0.026294582186741973,avoid
AEE,2024-06-03,70.68533640570935,71.30066711175795,70.3969077017083,70.92569732666016,1977700,-0.0196677591617736,0.024456371711989,-0.0327097669294491,-0.0514159671021073,-0.02745481849345721,avoid
CSCO,2024-06-03,45.35783763608503,45.40637910049568,44.930663860928064,45.28987884521485,23295000,-0.0029920810204816,-0.0427208421787976,-0.0203164074497231,-0.0329429853184529,-0.02811549290010577,avoid
JNJ,2024-06-03,142.6036726955785,144.20160267563935,142.1388227558484,143.07821655273438,7329200,-0.0065753856565818,-0.0682292809422508,-0.0297100887644715,-0.0140736311385699,-0.02884587383887775,avoid
PPG,2024-06-03,128.3930502558572,129.13566803793793,126.9176103045054,128.64710998535156,1563600,0.0004122197893265,-0.0496728924557863,-0.0638691760088951,-0.0057779385741579,-0.0313652847445563,avoid
GIS,2024-06-03,66.11192899204902,66.6124091190054,65.13020752406614,65.20720672607422,4232600,-0.0410472495366152,0.0614555466288557,0.0831807764804795,-0.163720602469101,-0.03234762367138693,avoid
ADSK,2024-06-03,219.58999633789065,222.2100067138672,208.33999633789065,210.82000732421875,8149000,0.00414389325374,-0.1913310416080877,-0.0348394707994982,0.0369896908980686,-0.03350778387686556,avoid
EXPE,2024-06-03,112.43463047106908,114.01751206161828,111.84726659109585,113.54961395263672,2532900,-0.1618781524932466,-0.1583530288359802,-0.1624320732688581,0.1560915786519476,-0.0341514115363991,avoid
CRM,2024-06-03,232.8858155940461,239.20874242306968,228.50842335365093,234.8710327148437,19962700,-0.1304890024498253,-0.2469835082502779,-0.0594318965497225,0.1128657480091512,-0.035128871656294386,avoid
DXCM,2024-06-03,118.16000366210938,118.37999725341795,114.33000183105467,115.2300033569336,4058300,-0.0901697436348772,-0.057808663273967,-0.0025103297659264,-0.0363773073048355,-0.03588272886999325,avoid
DG,2024-06-03,131.73571402934184,136.38418238858176,130.22521869196427,136.00411987304688,3879600,0.0175719402428222,-0.0563327016925558,0.0729820671596257,-0.1228921955883469,-0.036771604401679994,avoid
BEN,2024-06-03,22.367742601807084,22.442991451678907,21.831592528136987,22.01030921936035,2636700,0.0187201533234724,-0.1463583042448767,-0.0354675082749803,0.0030799766487477,-0.03680790733962311,avoid
XEL,2024-06-03,52.95865021587899,53.25541909485816,52.50871112720286,52.92035675048828,3195100,0.0277002463842612,0.0942918804989674,-0.0738787244948301,-0.0979386299985297,-0.039710668609641314,avoid
EQIX,2024-06-03,751.1555580826322,753.369862932548,734.8912892252541,736.2630004882812,451600,0.0813038716504985,-0.1730982971748911,-0.0684872977502719,0.0181932898300807,-0.03975814566297766,avoid
PFE,2024-06-03,26.86382437673286,27.67930064600041,26.845077384839,27.473087310791016,38177200,0.0740799843703043,0.1491703230269117,-0.0088697146733324,-0.1860099233051191,-0.0398228206816346,avoid
ADM,2024-06-03,59.66233746409039,60.38347773239424,58.88350832178404,59.60464859008789,3677300,0.0530194767143881,0.1743085652821199,-0.1443408928140959,-0.0954370315377233,-0.041313419731455296,avoid
DRI,2024-06-03,144.88378595680663,147.3879465157901,144.4293611754506,146.1310272216797,932200,0.0221831359111726,-0.1243660990542231,-0.0181400497468826,-0.0334567511987876,-0.041479621623307185,avoid
TFX,2024-06-03,206.59692874340288,215.5315566508896,206.5275222635701,213.1317901611328,693500,0.0832942189997318,-0.0431864719145826,-0.0446666959854854,-0.0747615430871836,-0.0436124985134624,avoid
MOS,2024-06-03,29.844695993320848,30.03724315359053,28.35246192816113,29.449975967407227,3771800,0.076733498527223,-0.0157551022073346,-0.1369947259223487,-0.018255363354273,-0.04387823370715843,avoid
ALGN,2024-06-03,257.2099914550781,259.5299987792969,253.8800048828125,254.52999877929688,798800,-0.1117121826308826,-0.173711233220608,0.1905051222926266,-0.1435733905623469,-0.046191284444360645,avoid
CCI,2024-06-03,95.80834813823128,96.75722595613053,95.30600231064672,95.91998291015624,2891900,0.0691620423197685,-0.0727224531815123,-0.0960272557428951,-0.0261481857819178,-0.04689573743996126,avoid
PARA,2024-06-03,12.562384131768674,12.757907427930768,12.39618909694874,12.513503074645996,34518500,-0.0764790412367818,0.2480611874719049,-0.1025733165092378,-0.1563684084204486,-0.051355024950247984,avoid
MDLZ,2024-06-03,66.40863230089339,66.5545440727768,65.37753530997759,65.51371765136719,6077900,-0.044680977701286,-0.0524238191153182,-0.0407775553707935,-0.0634250121720738,-0.05255613307325981,avoid
MOH,2024-06-03,312.010009765625,315.2699890136719,308.0899963378906,310.3999938964844,580600,-0.0858489027961849,-0.1969990849857933,-0.1508917934962729,0.0969360446600386,-0.054477827461643584,avoid
HSY,2024-06-03,191.36740500011453,192.5974137377244,182.86390981595065,190.2342529296875,1108000,0.009489721209581,0.0746676033695443,0.0597894105827188,-0.2241003527062127,-0.05582082511280249,avoid
IPG,2024-06-03,29.669966637534312,29.79268603700621,29.065806269906684,29.26404571533203,3341900,0.015394662615356,-0.0294301247088503,0.019053163455583,-0.1468907315567271,-0.05738690226625041,avoid
WST,2024-06-03,330.0718267902796,333.74105671330005,324.71753712004954,327.7685852050781,434800,-0.107827162212609,-0.0832929761002673,-0.0618003513164407,-0.0353787183961252,-0.060132904194696656,avoid
CSGP,2024-06-03,78.48999786376953,78.58999633789062,76.48999786376953,78.05000305175781,1951400,-0.1304589884779655,-0.1189749827501096,-0.0600914957701604,-0.0210711179536113,-0.06329679131031112,avoid
FDS,2024-06-03,396.30697827687015,402.2515829510232,389.6985461103412,391.2441711425781,490900,-0.0648551378742273,-0.1485592479490337,-0.1250708901814011,0.0210493905181374,-0.06529887422439484,avoid
ODFL,2024-06-03,175.2359154820886,176.68521936745475,167.01661464759027,168.0886993408203,2440400,-0.0767174813715175,-0.2401785492579645,-0.1276635659371444,0.0707913195210268,-0.06568999996147724,avoid
ROK,2024-06-03,263.2779167131371,263.2779167131371,250.00108538985887,253.32028198242188,1149600,-0.0402993838968257,-0.10067816423828,-0.0549158318467717,-0.0636384792200205,-0.06609571247937829,avoid
DLTR,2024-06-03,117.81999969482422,121.19000244140624,117.5999984741211,120.9800033569336,3673500,0.0100184053253149,-0.1737467226482137,-0.021118157280476,-0.0662240997479166,-0.06657259108042068,avoid
FTNT,2024-06-03,59.61000061035156,59.61000061035156,58.18000030517578,58.79999923706055,3565500,-0.0981594786923404,-0.1763552354703261,0.1187214174415995,-0.1433566468543975,-0.06681322847257842,avoid
ON,2024-06-03,74.01000213623047,74.48999786376953,71.3499984741211,73.19000244140625,3653700,0.0454220855326916,-0.0837505638713008,0.0260759927464599,-0.1678225698577575,-0.07151413434015604,avoid
SLB,2024-06-03,44.5837430299528,44.5837430299528,42.32315880365484,42.57433319091797,15482100,-0.0737705054083553,-0.1082557846966943,-0.1442153478943779,-0.00035111208483,-0.07243325668241976,avoid
ZBH,2024-06-03,113.49356155195316,114.8019586402771,111.95718280295412,112.12569427490234,1662800,-0.0450784292194245,-0.097022415276916,-0.0236541274112537,-0.1049417874173413,-0.07298527916763828,avoid
MCD,2024-06-03,252.01180693850324,253.9854772621452,249.73528174603675,253.79005432128903,4342800,-0.0433384896302525,-0.1014077727076758,-0.0671164244508555,-0.0713417171204399,-0.073287017687993,avoid
APA,2024-06-03,29.309768972366324,29.35758371981255,27.9614241014667,28.15267944335937,8022900,0.0089103331593498,-0.0120307767480932,-0.1690982555248918,-0.0547673624661729,-0.07415154367762036,avoid
NKE,2024-06-03,92.53597917303496,93.2506594294102,92.07585095973184,92.4185028076172,9668100,0.0255265870800942,-0.0479314921271371,-0.1345996318496489,-0.0730200714265979,-0.07662155784295184,avoid
SWKS,2024-06-03,90.09610052054906,90.16368920028653,87.25736860496232,88.24223327636719,1756500,0.0260661991414143,-0.1224150569572369,-0.0440991329433667,-0.1128974894940184,-0.08026512715792332,avoid
BIIB,2024-06-03,225.3000030517578,233.19000244140625,224.5800018310547,229.8000030517578,1220700,0.0762962341999415,0.0397249054817383,-0.018284341873792,-0.2401044930096976,-0.08595249524967484,avoid
SJM,2024-06-03,107.22407564567548,108.2629398850433,106.77197691157345,107.08940887451172,1545300,-0.0042338649033802,-0.0786141740263938,0.032820115103435,-0.2045152994142289,-0.08810630653027786,avoid
KVUE,2024-06-03,18.446363512531573,18.764404199360527,18.427089711985943,18.542739868164062,15902600,0.0169357560953209,0.0255176436124981,-0.0389250853295967,-0.2081189479669846,-0.08812800045364114,avoid
PLD,2024-06-03,106.10358413071432,106.32389812613124,102.4540905065636,102.87555694580078,3262400,0.0274561985818715,-0.1902221466873171,-0.0525950395965675,-0.0994914610630591,-0.09087390578347017,avoid
CVS,2024-06-03,56.51718591114303,57.76929777017883,56.39292928332981,57.549461364746094,17087300,0.0917496163813902,-0.1772552469710114,-0.097207222631376,-0.0943857816444008,-0.09319256720323638,avoid
MNST,2024-06-03,51.810001373291016,52.09000015258789,51.400001525878906,51.88999938964844,26613800,-0.0280951492254714,-0.112991463424813,-0.0591115511520108,-0.1258423373297684,-0.09347820788502034,avoid
KEYS,2024-06-03,139.8699951171875,139.8699951171875,136.1199951171875,137.00999450683594,1392500,-0.0678958474274786,-0.1300952729724702,0.0082419245140774,-0.1601692103749664,-0.09440374613300526,avoid
UPS,2024-06-03,132.1123947427037,132.2543028846971,129.945848636301,130.95816040039062,2728300,-0.0493080780645327,-0.0707068366515849,-0.066483642883908,-0.1390959361493633,-0.09465564246168798,avoid
GPN,2024-06-03,100.07659800439733,100.77739979340998,97.61885545834386,97.79652404785156,2198400,-0.1036728030156187,-0.2278086304997851,-0.1458471684200327,0.0107633833011904,-0.09537780360705253,avoid
JBHT,2024-06-03,159.700660352438,160.2745199232423,155.92110717489172,158.95860290527344,808100,-0.0212499632411281,-0.2000749590593152,-0.1288554221804255,-0.0425941530801875,-0.0978342760221785,avoid
ULTA,2024-06-03,394.3999938964844,399.80999755859375,386.0899963378906,389.9100036621094,1188500,-0.0186746109302442,-0.2865846610719446,-0.0846967942894968,-0.0344699090533369,-0.09838139521559713,avoid
AON,2024-06-03,279.67756575833187,282.6957753818796,277.5160258438215,280.1656799316406,1482900,0.0041772953986636,-0.1078220668257669,-0.1399474738980836,-0.0910237737616325,-0.0995404354993651,avoid
LKQ,2024-06-03,41.77223398313907,41.93726681697062,41.47129763828353,41.811065673828125,1323000,0.0005567615120871,-0.1626753027212983,-0.0205200255725084,-0.1526605890986916,-0.09969962770428012,avoid
HRL,2024-06-03,29.89473574300856,30.241451779628097,29.44207588871124,29.76953125,3096800,-0.1273291032950217,-0.0772185103446448,0.0278657246292248,-0.2057171157853553,-0.10210374132380583,avoid
LVS,2024-06-03,44.25468610031468,44.32319150584185,43.5402699189137,43.90237045288086,4230500,-0.0342498612264353,-0.111395531630362,-0.0192659029853449,-0.1780928757936268,-0.10272101366177011,avoid
SBAC,2024-06-03,193.3975803420554,196.6455661894582,192.67145358035245,193.07376098632807,681600,0.0199457706927976,-0.063333403164135,-0.1957395805214035,-0.0931838370590946,-0.10666751254360614,avoid
CLX,2024-06-03,126.87493781187214,128.82059977728423,126.3134997090741,126.90397644042967,1050600,-0.0613588751627176,-0.1242019332094878,-0.070012570874708,-0.1449241463716555,-0.10994970396924392,avoid
MTCH,2024-06-03,30.32735710859775,30.742394321949035,30.149483747902806,30.65345764160156,4183900,-0.0086289507976776,-0.1152310769851429,-0.0420012771933364,-0.1841136284140079,-0.11015494500040045,avoid
AKAM,2024-06-03,92.23999786376952,92.75,90.3000030517578,90.9000015258789,1483600,-0.0886304043234968,-0.1793066109363609,-0.2131913573414812,-0.0060141655627892,-0.11108743604718191,avoid
SBUX,2024-06-03,77.74222006112012,80.12288278731182,77.68368161501746,80.08385467529297,12443400,0.1037330763748412,-0.1055297162995405,-0.1621319852626879,-0.1375758890832364,-0.11440258683452491,avoid
BAX,2024-06-03,33.12412246520782,33.59313612021141,32.938468664188825,33.30000305175781,4443500,-0.0685932010067998,-0.1911005639058552,-0.0404712810111076,-0.1476924642111026,-0.11629780286962435,avoid
BA,2024-06-03,178.08999633789062,186.009994506836,178.02000427246094,184.57000732421875,8951600,0.0319821136455118,-0.0796349182037116,-0.2031688320448924,-0.1124735460401807,-0.11866884030573116,avoid
CHTR,2024-06-03,287.25,289.6199951171875,282.510009765625,286.2200012207031,751900,0.0924427527507751,0.0256575780289185,-0.2846824838728867,-0.1274312212455641,-0.12200144277923045,avoid
TAP,2024-06-03,52.42369038612495,52.72138989092906,51.002422066708654,51.32892990112305,3096400,-0.0752595451775818,-0.1426050738930914,-0.1253398792792742,-0.1248054474012182,-0.123571112040646,avoid
PODD,2024-06-03,177.39999389648438,185.3000030517578,172.07000732421875,181.4199981689453,676600,0.0461307812505362,0.0810391505850203,-0.0405626861150263,-0.3341896988618068,-0.12502377713717294,avoid
ADBE,2024-06-03,447.5799865722656,449.8399963378906,436.5799865722656,439.0199890136719,3967700,-0.0787922398251155,-0.2269958320835745,-0.281484784214789,0.028752171092377,-0.12622295722671237,avoid
GILD,2024-06-03,61.53642985732536,62.10106852823585,60.46456411573932,60.70381927490234,8560900,-0.0290831333055804,-0.113083146946649,-0.1558302364449976,-0.1349277744798089,-0.1262451234453107,avoid
ACN,2024-06-03,281.3471761945433,282.4967182966983,275.8056984183559,276.8373718261719,3596600,-0.0618632621825101,-0.2628521539215261,-0.1478543115124874,-0.0625955730372793,-0.1281512796712142,avoid
FMC,2024-06-03,58.56975491359838,58.617562072701055,55.940521638615095,56.342079162597656,2097100,-0.0264331066602648,0.011607598328359,0.1187048727694906,-0.4160353449987581,-0.13112446716901077,short
LW,2024-06-03,86.17730259723952,86.48193677680617,84.90797613386887,85.28877258300781,1110200,0.0339725500315861,-0.1418804896306892,-0.1198286546892497,-0.2098016525432204,-0.14484810034704232,short
CZR,2024-06-03,35.79999923706055,36.02999877929688,34.52000045776367,35.619998931884766,5290600,0.0136596343361841,-0.1431320857979288,-0.2034884177195753,-0.1449832198187717,-0.1463002669693486,short
VRSN,2024-06-03,172.8885469475068,175.22217964995292,172.8685970767965,174.4542694091797,705500,0.0391469913591915,-0.0897595596847757,-0.1756361833247421,-0.2165442890618595,-0.1533457834232024,short
TSLA,2024-06-03,178.1300048828125,182.63999938964844,174.49000549316406,176.2899932861328,68568900,-0.0206655259942349,-0.0629850438075828,-0.2657031325325096,-0.1504915687324535,-0.15457112861367434,short
WBD,2024-06-03,8.460000038146973,8.550000190734863,8.220000267028809,8.329999923706055,23507800,0.0477987576802274,0.0271270377733832,-0.2028708061486714,-0.2660793265429485,-0.15708768913908144,short
HUM,2024-06-03,352.12629147352214,360.7819858201436,351.7113097784809,359.8630676269531,1285100,0.1346502096102004,0.05275659997627,-0.2454630656446882,-0.2871347145106439,-0.16447646454138998,short
EL,2024-06-03,122.11673848329944,123.16348102109816,120.07216214621468,121.5199966430664,1702300,-0.0744103385170964,-0.154831001953753,-0.0174906363829886,-0.3075516358227248,-0.16667507948644675,short
INTC,2024-06-03,30.83439895760554,30.874145826725712,29.86057507726836,30.099063873291016,35544900,-0.0031782793301678,-0.3331938077692667,-0.3176247187575239,-0.0134092651106028,-0.1676077111583684,short
ALB,2024-06-03,121.83921208199752,121.83921208199752,116.91060361253628,117.98416137695312,2123800,-0.0351956243092406,-0.0895223018587276,0.0029106577051363,-0.3755627313462306,-0.17077591802962094,short
MKTX,2024-06-03,196.37773645736965,198.44010396580907,194.5423376344345,196.3678741455078,701700,-0.0451174548347237,-0.0702377968740189,-0.1656712853139412,-0.2733007488932505,-0.17758099000975872,short
LULU,2024-06-03,311.260009765625,314.1300048828125,305.7900085449219,306.6199951171875,2098500,-0.1259406904593591,-0.3198163461809904,-0.3137421586966017,-0.0661794139862982,-0.1971517514856338,short
BMY,2024-06-03,39.23173287507107,40.40410930015284,39.20313948099147,39.81315612792969,13678700,-0.0441647855447779,-0.1701514757931096,-0.1343402525089068,-0.3264725922065357,-0.20933788634838602,short
BF.B,2024-06-03,43.77050222315263,45.15927151449109,43.751078436000725,44.76109313964844,2180300,-0.0294799794843342,-0.2321762391735092,-0.2123074915376026,-0.2437774713350087,-0.21058648177841952,short
DAY,2024-06-03,50.0,50.119998931884766,48.86000061035156,49.709999084472656,2322000,-0.1389225796181774,-0.2537156788924057,-0.2785196228798118,-0.2036206257179295,-0.2296395308914142,short
GL,2024-06-03,82.43210995715748,83.57136068754042,81.33248619352634,81.70893859863281,1482200,0.0403632320777289,-0.3455354162692021,-0.3274424056738287,-0.1987527788056489,-0.24280459327047568,short
WBA,2024-06-03,15.412960867709522,15.422440150258984,14.910569740517753,15.090672492980955,14888600,-0.0791801134728299,-0.2156475851090133,-0.1812902752474334,-0.4389142413445195,-0.2810003074811235,short
PAYC,2024-06-03,146.35034100776917,147.8893063034336,143.3617810298338,144.11636352539062,1758500,-0.1275030519531808,-0.1830233243099349,-0.1976086983855342,-0.4796921037432732,-0.3005144210702746,short
EPAM,2024-06-03,179.17999267578125,179.17999267578125,175.5500030517578,176.19000244140625,522400,-0.2602653125393194,-0.4278059406399831,-0.3175955661513622,-0.3169341677375937,-0.3336400563223747,short
VLTO,2024-06-03,100.45178321244094,100.81036232810312,96.93572294984112,98.52940368652344,1350100,0.0540224577218069,0.1285599883110599,0.2831979997349036,,,short
