Price,Close,High,Low,Open,Volume
Ticker,KLAC,KLAC,KLAC,KLAC,KLAC
Date,,,,,
2022-12-01,380.86480712890625,385.92377169079117,373.5931367941376,385.0269868857911,1838000
2022-12-02,379.7243347167969,381.478876177591,369.7428851233496,371.0490490547526,921300
2022-12-05,378.7592468261719,382.32684135048345,374.86996760661134,376.7025054248209,1236400
2022-12-06,373.5638732910156,381.44961184623355,370.5811351390022,380.79654479338325,1171300
2022-12-07,378.29144287109375,379.19795495463256,368.88509344378207,369.5869159674721,828000
2022-12-08,385.9237365722656,387.48331561754696,378.39865166523555,381.1961845052149,1130000
2022-12-09,383.4770812988281,390.42706588655017,377.81377613275913,382.0149537052393,1380300
2022-12-12,390.78778076171875,390.88526189937687,374.0220364847932,375.669369545895,1555800
2022-12-13,398.7027282714844,408.97662059089,393.3708347261421,405.16533747648043,2221900
2022-12-14,395.9539794921875,403.58630388457834,391.5871098140324,398.05944726432745,1557000
2022-12-15,375.0357971191406,389.54986732782794,373.5736692551284,387.9999856145555,2091600
2022-12-16,375.80584716796875,377.9697975258291,370.64940140698747,372.3942155968328,2360900
2022-12-19,373.9732666015625,376.0787339885195,369.8403286273857,375.2501890369249,1122800
2022-12-20,376.1665344238281,379.8998213614749,368.9046203849584,371.17580912201487,903400
2022-12-21,386.7620544433594,388.0779754467193,377.7943251398604,378.99328067573356,1125000
2022-12-22,364.4110107421875,377.01454591122496,357.79243688527566,376.3419647075809,2075700
2022-12-23,367.8616027832031,368.45618711344594,358.4357396167512,362.8416071240851,892000
2022-12-27,361.7304382324219,366.7601616365629,359.5469737351788,366.7601616365629,988700
2022-12-28,358.4747619628906,365.99984768852045,357.07111687179423,359.9856154825106,610400
2022-12-29,370.26922607421875,371.7313538595323,363.3289976127942,363.71892215319724,787200
2022-12-30,367.5107116699219,367.9786032959622,360.9603776406951,365.0933162226482,669300
2023-01-03,367.0428161621094,375.02603660539637,363.1730499280044,374.3047297182301,764100
2023-01-04,370.6299133300781,375.44518993583404,364.6449225843644,373.1837584636842,1187600
2023-01-05,364.0405578613281,371.1757482143623,363.69938878011084,365.2199992163883,924900
2023-01-06,387.5516052246094,387.7075690986089,368.1638053583984,370.39596579653966,1423400
2023-01-09,398.02044677734375,406.3838350852276,390.01774167498394,392.46437856471124,1955400
2023-01-10,405.7599182128906,406.1790840917006,396.0806400465098,396.7142227626247,979000
2023-01-11,408.5672607421875,408.92791419254786,400.8959679021409,402.8357147011426,1230800
2023-01-12,408.4892272949219,412.02758094405254,397.19185796361324,408.56719434703183,1505300
2023-01-13,409.434814453125,410.5167748312257,402.03645077565216,405.2921186955144,1615200
2023-01-17,405.4480285644531,409.91237877981627,403.2450799477501,407.1830856019171,1046200
2023-01-18,404.5805358886719,417.46675766331043,404.29784949825375,411.55000627670177,1183900
2023-01-19,391.9477844238281,404.33687399171333,391.6943393852348,400.54510418720935,1409800
2023-01-20,403.40106201171875,404.32705842772754,392.49358635096473,394.6477796259851,923300
2023-01-23,414.8348693847656,417.7396405377406,397.3088505760123,397.3088505760123,1459400
2023-01-24,412.4565124511719,415.5172177943957,406.9101720400175,408.2650616442377,852700
2023-01-25,411.9496154785156,412.3687516279956,398.1081572788151,402.3288196328936,1276300
2023-01-26,417.93463134765625,418.6169398248195,404.5220357749483,413.30455985384657,1646300
2023-01-27,389.28662109375,400.14537041003905,385.3096468436962,394.7744784800524,2385500
2023-01-30,377.8918151855469,386.6743394568445,377.3459564930313,385.2999356873459,1446000
2023-01-31,382.5706481933594,383.13599122404645,378.07702632760726,378.1939917996757,1113300
2023-02-01,399.4240417480469,403.5570096843205,380.91351424351325,382.6388142524089,1727800
2023-02-02,403.8007507324219,406.41307880881556,398.29337843900225,403.5473057073601,1343100
2023-02-03,397.9619445800781,411.1406092093725,395.9831994274994,398.7612482715015,1080500
2023-02-06,395.3495788574219,402.7382141572561,391.918463231536,394.16038047194513,855500
2023-02-07,406.3057556152344,407.9530884393284,392.9516745952426,396.6557193168024,1435300
2023-02-08,394.3260803222656,405.22379772166323,393.4585369882698,402.5529874521707,937700
2023-02-09,393.5462951660156,403.78118940288414,389.73501193292435,400.9934134417189,1231800
2023-02-10,386.9356689453125,391.815412812701,382.2515469615096,390.1431814435423,910500
2023-02-13,393.8005676269531,395.3456373814613,384.745198887457,387.4637612517574,1250800
2023-02-14,393.4386901855469,398.9833990832059,387.532192725406,388.82299868870126,1353000
2023-02-15,395.5216979980469,395.9226408553107,384.52031542255367,389.96722933562296,940400
2023-02-16,384.1486511230469,391.45356925788667,382.11463115664367,388.51010896318013,1334600
2023-02-17,379.3471984863281,386.36851734699417,375.5236037143384,384.1486639754708,991200
2023-02-21,369.9788818359375,379.14180499981353,369.7441952592471,375.3768820019074,1161000
2023-02-22,369.4019775390625,373.00064483691256,365.58817090040833,372.0618685512039,884500
2023-02-23,379.7872314453125,381.90928876765975,370.7612284775417,377.1566765810147,1121100
2023-02-24,371.4555358886719,375.80717550059836,369.421485999635,373.7633668992502,726400
2023-02-27,370.7122802734375,378.1541182618281,370.2135414910824,378.1541182618281,756200
2023-02-28,370.9959411621094,375.9147800759998,367.5439531749436,369.8517843082744,1189900
2023-03-01,369.9788818359375,374.92705611553214,364.85469262382503,365.55878219705204,731600
2023-03-02,369.9495544433594,372.84413171340015,359.16331257757395,364.6493501779609,864600
2023-03-03,373.09844970703125,374.829323187786,365.7739830760793,371.0448522858486,782800
2023-03-06,371.279541015625,377.4794273567169,369.2944039534823,376.2374744714039,773200
2023-03-07,367.1038818359375,372.2867729580397,364.13105563508526,371.3479668884075,693400
2023-03-08,378.84844970703125,380.57932290981233,368.01329507102497,370.30160858406566,962300
2023-03-09,370.1060791015625,386.18276899609606,369.23573315389496,378.41823505108715,959800
2023-03-10,359.38824462890625,376.47216861883345,355.5939856783137,375.60182279505585,1142600
2023-03-13,356.7577209472656,362.3219780121925,351.8877649851305,354.88992713164436,1246400
2023-03-14,370.64385986328125,371.76846938288566,361.51027220529676,364.3755136864882,1362800
2023-03-15,362.1263122558594,365.4316205426712,353.46212861740764,365.0013419584026,1013400
2023-03-16,381.28338623046875,381.85058521366716,356.93367056340423,359.59356102817827,1355700
2023-03-17,379.18096923828125,383.0632359326549,374.311013357912,381.2834496239043,3033500
2023-03-20,381.32257080078125,382.79921028931113,375.7387666071398,380.9411752336145,876000
2023-03-21,376.5503845214844,387.8353652583118,371.9542399854787,384.0704421609229,764200
2023-03-22,373.42108154296875,388.6176641141673,372.87345963438105,373.97849200665274,886400
2023-03-23,380.2174987792969,388.2167178702355,373.43086678330235,379.48407338932475,1219500
2023-03-24,366.78118896484375,377.10781701926663,362.31217601466653,376.3939388304106,1375700
2023-03-27,365.75439453125,371.42623627168354,364.09198131322967,369.1574995755101,768800
2023-03-28,362.8109130859375,365.55881139910343,357.35421099673977,365.3436720722326,926500
2023-03-29,376.6384582519531,379.8948843782599,367.7786800712158,370.1354243995628,1284000
2023-03-30,387.2779235839844,391.0135105575952,380.9411177679555,381.7136674986173,983700
2023-03-31,390.3485412597656,391.0428422329694,384.20732754092637,385.0287603493267,1055500
2023-04-03,390.17254638671875,391.5416310856042,383.93353585509016,388.44167308802975,787800
2023-04-04,384.1682434082031,392.5781942463275,381.6354845228719,392.1967987007863,851600
2023-04-05,373.1766357421875,380.3153280682716,368.4729362171594,379.7187931804711,985600
2023-04-06,366.3802795410156,370.56569333983737,359.61319357160573,366.0477968844691,746800
2023-04-10,374.2132873535156,375.0151432753269,360.32708498073237,361.6961400409539,1008900
2023-04-11,369.55841064453125,376.92200079579993,368.69785336184447,375.74850816610757,991600
2023-04-12,361.9601745605469,373.528726555157,361.1973833753588,372.3356865234565,811700
2023-04-13,366.1162109375,368.42404197191854,358.91884718040313,361.82321308456494,816900
2023-04-14,366.7518615722656,371.75870803580636,362.8206819299577,365.14809021023456,786700
2023-04-17,363.8865661621094,363.9354790964208,353.9119982708855,356.2882894896059,1027000
2023-04-18,363.0064697265625,368.4435946205396,359.56427039264736,366.9180720873033,881100
2023-04-19,353.2763671875,359.1633178373614,352.5038173861031,358.86017105007085,1218600
2023-04-20,367.40704345703125,371.34798186780534,353.78489461673666,354.02936977830615,1665200
2023-04-21,363.7496643066406,366.5171096981391,361.1093209168286,366.47801516369225,918200
2023-04-24,364.0918884277344,366.8202090891672,362.5467890651628,364.6199331629556,602700
2023-04-25,349.84393310546875,362.6739839625517,349.33543554651806,362.0090187293491,1292800
2023-04-26,349.4624938964844,352.493991289689,348.0152203159836,350.08836451530374,1274600
2023-04-27,376.1396789550781,377.2838058775236,360.84530014716097,375.2693331476234,2129700
2023-04-28,377.99774169921875,380.9021079470899,371.73918324141107,377.3914480453131,1326400
2023-05-01,375.9342956542969,381.1073978425479,374.35010156188406,377.2740146128644,691300
2023-05-02,370.08648681640625,377.5674202924186,368.2577876616856,377.127353093706,839900
2023-05-03,369.8126525878906,377.76295874312314,368.8738466021048,370.330938669496,719500
2023-05-04,364.9819030761719,370.34078001915674,361.4907902802157,369.8127351078743,724500
2023-05-05,377.13714599609375,379.6014447450778,371.1914936829228,373.16687197892946,892900
2023-05-08,375.0444030761719,378.6528584438985,372.72678357919347,377.753206662339,687700
2023-05-09,367.4461669921875,372.7854961524764,366.2140026309057,370.95682672305617,798900
2023-05-10,377.8411865234375,379.77741034493835,372.09112701308754,372.5800772456934,881300
2023-05-11,377.99774169921875,381.04878708220247,373.38204924099296,377.3425351048351,744300
2023-05-12,379.69525146484375,383.36493264952855,375.6821440324669,380.71570861848363,686700
2023-05-15,396.5032043457031,397.11154398175984,378.54721377376,381.64781154373276,1204900
2023-05-16,401.1246032714844,405.4909577925546,395.9733002706974,395.9733002706974,1278200
2023-05-17,408.99383544921875,412.6341112572897,401.095182547972,403.60705370397955,1170600
2023-05-18,420.51312255859375,421.32750583138557,408.67984644327123,408.67984644327123,1187900
2023-05-19,415.67578125,421.37655358198384,414.16472414276876,420.93500139318746,1064600
2023-05-22,412.89898681640625,418.13859397952115,410.98563383231823,411.91778630023055,685800
2023-05-23,406.89410400390625,412.8892256621678,406.53106455080274,409.7199666951209,753100
2023-05-24,401.212890625,402.75338264323096,397.18996246426224,399.201441516563,888400
2023-05-25,426.0863342285156,428.097783356712,410.25956473719583,410.33807754891063,1626300
2023-05-26,452.5198974609375,456.25826927171914,426.3022167901929,426.82225189935014,2163600
2023-05-30,450.10614013671875,465.0596269717457,445.1314461500264,459.01542797630924,1233100
2023-05-31,434.66204833984375,446.95649077684646,433.90653465046057,440.411899481259,1743900
2023-06-01,444.02264404296875,447.1624975001288,428.98085412998586,437.02667995518306,1266600
2023-06-02,449.4486999511719,450.04724782873404,436.7912194528638,445.96545014351267,1206600
2023-06-05,449.4389343261719,452.7357839971474,442.93359933494474,447.8003460509054,1009500
2023-06-06,452.3334655761719,455.93448486571236,438.5966575109519,442.55089463482847,1131400
2023-06-07,455.0415344238281,464.02933422105656,451.96055060967734,455.2671913653147,1086400
2023-06-08,464.9516906738281,466.4234915381559,455.29668059710224,455.93448492673645,950900
2023-06-09,456.89605712890625,468.92558616508876,456.16997826101954,466.79636767041603,1065500
2023-06-12,466.4921569824219,467.33600500214095,457.32774770031375,460.1634315819148,1193900
2023-06-13,470.86834716796875,473.1349180470772,463.5682126671976,470.9762648556098,752800
2023-06-14,471.506103515625,472.1046214562804,462.2926163134964,462.9303906590047,913700
2023-06-15,463.6957702636719,468.1111730007225,461.7235774029516,466.34502388344873,1038000
2023-06-16,456.1503601074219,466.080105362289,454.39400265375843,464.3826175489615,2011400
2023-06-20,455.7186279296875,461.3605313460398,451.69569950490666,457.54364666174763,822000
2023-06-21,447.8493347167969,455.7578083104665,446.86813422186157,452.2647369440058,876500
2023-06-22,458.5935363769531,459.09395825970654,444.4446106990437,444.53291515884746,749700
2023-06-23,448.3595886230469,451.3031901766884,446.04393983003985,448.89923693033575,828900
2023-06-26,449.9295349121094,459.5453190097534,449.488012596889,449.488012596889,615300
2023-06-27,467.9639587402344,469.6320116086349,451.5681063679352,451.5681063679352,863800
2023-06-28,465.510986328125,468.582148950016,460.6932878627895,461.5665707564445,730600
2023-06-29,468.25836181640625,470.3875502984535,463.6957551814317,470.1716849739087,588800
2023-06-30,475.90191650390625,479.07120530342183,472.1537528725935,473.66478027597367,909300
2023-07-03,475.7056579589844,479.22816434111996,468.36626706331924,475.92152327779405,424900
2023-07-05,459.1135559082031,470.58379280727416,458.2304813962741,466.3646124487128,1118900
2023-07-06,452.8633117675781,456.3073053479337,445.07257697863963,454.29585619115585,1245000
2023-07-07,447.2606201171875,457.20018618160344,445.56316238067,447.33913292739686,926600
2023-07-10,458.8682556152344,460.90913959642734,447.80031454123633,447.80031454123633,935700
2023-07-11,450.8420104980469,459.01539737857803,443.05127623659604,459.01539737857803,687100
2023-07-12,457.30816650390625,458.6622281101198,451.17566281189943,457.6515926994318,874500
2023-07-13,466.8748779296875,468.60177062848646,460.16346940096577,462.37117075688207,803100
2023-07-14,465.86419677734375,472.7522135518808,462.89116044096534,469.1708376926055,828400
2023-07-17,481.1611328125,484.2519085710815,467.2280729579913,467.45375986536715,816200
2023-07-18,474.9599609375,477.08917941882225,468.6214134338115,475.37207836557934,859000
2023-07-19,461.7431335449219,475.6173228029797,459.94754982916356,473.91983518082304,1137300
2023-07-20,441.63836669921875,451.1756370951638,440.54921853478896,450.06687569982915,1813900
2023-07-21,449.9393310546875,453.4225811011911,444.98428015295167,448.3301776904434,2613000
2023-07-24,452.3138122558594,453.91314390028583,447.55498389483876,448.8894021869924,740200
2023-07-25,457.34735107421875,461.47822674234317,454.34487993715254,454.4822623803246,788200
2023-07-26,449.24267578125,454.3939786455298,444.48384714642816,450.76352464934877,847100
2023-07-27,473.2820739746094,485.9788110228327,466.07024420705386,466.07024420705386,1951200
2023-07-28,501.4033508300781,503.8465308523686,478.9632968857636,490.600322154205,2019300
2023-07-31,504.2880554199219,507.0550482714122,496.7033640762436,502.3845238790129,1093000
2023-08-01,504.61187744140625,507.5750625539849,500.7655279387794,504.30764776069526,859700
2023-08-02,490.1783447265625,497.13505273159114,485.44895109380565,495.11378208161614,1363500
2023-08-03,492.8865051269531,494.61342783823227,481.86764108569633,487.9216322758927,870000
2023-08-04,487.13665771484375,494.06393147904333,483.2412901779894,491.6011084181297,727200
2023-08-07,496.9192199707031,497.9102421302436,489.609263733353,490.60028589289345,756800
2023-08-08,489.2658386230469,491.6010706932784,482.3483570337495,490.9240399431799,1113000
2023-08-09,485.1644287109375,492.4351285766512,484.84064569596717,491.2871406706184,825600
2023-08-10,486.96002197265625,498.77365485625063,483.8201682826385,490.6297023920716,942000
2023-08-11,469.9754638671875,480.90602274080857,469.0727461596716,480.79810505022954,868400
2023-08-14,482.9723815917969,484.02510059428323,466.2957584799929,466.8959052933096,1207700
2023-08-15,475.7310485839844,480.11910396205076,474.19621253200864,478.8991137733916,654900
2023-08-16,466.3548278808594,480.14868771917685,465.8825590181801,476.56741309294057,803100
2023-08-17,465.3217468261719,472.45481073867046,464.64287351385036,468.35205593922126,843300
2023-08-18,470.25091552734375,473.38946602408913,460.57947802656736,461.8388315469442,766300
2023-08-21,482.79522705078125,484.5268492496423,471.00847420044,471.00847420044,843200
2023-08-22,478.8696594238281,488.1967666332534,476.09513619993254,487.3112587774959,592300
2023-08-23,486.3470764160156,489.3773856137566,477.75787254530195,481.13254256730744,820300
2023-08-24,468.716064453125,495.1821841729185,467.6928303674434,492.6733255288448,1245700
2023-08-25,473.9601135253906,476.02621828202314,462.5176907805991,468.8144581908936,1104600
2023-08-28,478.643310546875,481.427681810371,473.8813793320382,476.55750919103417,598200
2023-08-29,489.8496398925781,492.91931224260674,474.3930367321503,475.53430053379145,831800
2023-08-30,490.2628479003906,492.8799480464035,483.0904507974998,490.34157438505554,658100
2023-08-31,493.7752685546875,497.45493599912044,485.9338165224437,487.1636551095248,914900
2023-09-01,498.84222412109375,500.5246650161662,490.39077650317773,495.4577057469931,655800
2023-09-05,504.28302001953125,508.64156091975997,495.3199704929839,498.8323968276345,780900
2023-09-06,505.1881408691406,511.7997842643622,498.5371942831926,501.13462776169797,714600
2023-09-07,489.1609191894531,495.1625375904631,480.2962629366288,495.1625375904631,1269900
2023-09-08,489.70208740234375,490.5088387433724,486.0420863521607,487.0259572793566,868900
2023-09-11,486.18963623046875,498.3010843255335,477.70867407392916,496.2546461123236,901100
2023-09-12,477.9644775390625,487.60643050195546,477.0101215524106,480.19788372786576,805500
2023-09-13,475.79998779296875,483.3364427204437,474.5996640572538,476.1738635504574,837400
2023-09-14,472.1596374511719,482.0967395156474,471.5102790561284,480.7094779478759,899200
2023-09-15,446.893798828125,465.04622721407617,444.05039778581465,464.6231399481079,2831400
2023-09-18,449.14691162109375,453.5251190860613,444.7096442791324,448.0843142409172,1178400
2023-09-19,449.9339599609375,451.32122141299226,444.36524754554796,449.2157234569312,663500
2023-09-20,444.88671875,454.5483378117375,444.6210844266407,452.5805960896087,709800
2023-09-21,439.7115783691406,443.1747929904164,437.3797792074845,438.80640396594663,1055100
2023-09-22,444.5325622558594,451.36062878086926,443.4601465658115,444.2275646754493,800800
2023-09-25,448.04498291015625,448.95997563973697,439.80013997611576,441.748185139048,630500
2023-09-26,437.97998046875,444.3554748120907,435.54981810577533,443.1846660202917,1008200
2023-09-27,438.3735046386719,444.3357597388129,433.0507596021742,442.840286818024,1059600
2023-09-28,450.7013854980469,455.54204319910104,436.5533181401826,437.5175223639649,851800
2023-09-29,451.26220703125,461.66172910725237,450.41606248825167,459.1233255036128,815400
2023-10-02,453.2004699707031,458.57239682576534,447.59239367588486,451.6951486531994,716500
2023-10-03,444.5522155761719,456.04382026813255,441.0791525648485,448.31060955028283,758800
2023-10-04,453.6136779785156,454.57788229418145,445.03432231117205,447.91708694080467,748400
2023-10-05,453.6431579589844,457.0768876400931,448.81237851150155,453.86945906343885,881900
2023-10-06,460.500732421875,463.54091972506546,442.10236581818253,448.59591933580845,995900
2023-10-09,459.24139404296875,460.10720521048063,451.59672821113713,455.0796394894077,634600
2023-10-10,466.4925231933594,469.8967078102254,459.5857308475844,461.514109240188,839300
2023-10-11,474.84564208984375,475.3966074206125,468.19466485010247,469.06047609141297,913000
2023-10-12,493.02752685546875,498.74384434482437,477.17738124325075,477.17738124325075,1428800
2023-10-13,478.9581604003906,496.5104125529717,476.7149360900359,493.02750137822045,1157100
2023-10-16,483.2872314453125,486.986595752731,477.37418756925365,478.95820535545397,806000
2023-10-17,478.5056457519531,479.7059695200307,465.48902218688437,476.1345131434819,777400
2023-10-18,471.6676940917969,475.2096352665568,462.98994571997423,470.7527013790462,800400
2023-10-19,457.5491027832031,478.10217817383335,454.62700531095743,478.10217817383335,1245400
2023-10-20,454.98126220703125,463.245771776655,454.03675454845177,457.5491508484258,914300
2023-10-23,455.09930419921875,461.51413141983835,447.7399393314229,451.59672632733583,620100
2023-10-24,462.67510986328125,464.72154799506455,456.11267816298715,460.4417038449036,855500
2023-10-25,447.50384521484375,459.67432367935845,445.152409331515,456.52595475363285,1515100
2023-10-26,450.8489990234375,470.7232035404707,444.71950243184824,451.2425714101966,1589100
2023-10-27,450.5439758300781,456.7423802648925,447.661241415619,451.2523640504753,746200
2023-10-30,452.1280517578125,455.7585378608555,444.73917152785043,450.87851647104475,688000
2023-10-31,462.1241760253906,466.7778661891751,446.1854553564293,452.28546697673727,1315300
2023-11-01,468.843994140625,469.5228674569417,458.2575337531768,464.672391173983,1238900
2023-11-02,481.4473571777344,485.45171873534986,476.51815462093117,480.74881728272425,1254800
2023-11-03,491.5615539550781,495.35931108543673,485.63866219079046,486.2191423947769,760800
2023-11-06,490.81378173828125,495.54622799505904,487.1144478807244,492.7224935267745,705900
2023-11-07,495.005126953125,499.2062749509628,490.5285263271271,491.2565811917038,611400
2023-11-08,502.9154357910156,503.4270378325364,496.52027515790303,497.2680266246578,881200
2023-11-09,498.2224426269531,512.5967833091108,497.3467830379185,503.0925859886665,1019800
2023-11-10,525.633056640625,527.4925871539685,503.76162457164895,507.7265932858688,1295000
2023-11-13,519.7297973632812,523.4094648817902,515.5778910340542,521.4515714198562,1045200
2023-11-14,538.1196899414062,538.9188165788601,527.0996185983445,533.5320731829818,1130400
2023-11-15,538.0801391601562,543.2793688521475,534.311400655209,541.5232897779025,881300
2023-11-16,538.0703735351562,542.9045748494143,536.501686318533,537.488265388709,1193800
2023-11-17,537.231689453125,538.8793196848876,522.6500836212241,524.633116981081,1315600
2023-11-20,550.2644653320312,551.9120354856319,534.923173142309,534.923173142309,817400
2023-11-21,543.2991943359375,548.4787341089827,540.1914463857088,547.9163768505603,910300
2023-11-22,546.7323608398438,555.2860424555699,542.5985932281719,548.8535293621638,594400
2023-11-24,548.1827392578125,549.7414906348413,544.0686617030971,545.0552406477483,306500
2023-11-27,549.4751586914062,554.4573703497475,545.8741214345852,547.8769056083898,588400
2023-11-28,539.7968139648438,547.1566542955718,536.5509307243381,541.7896624704191,965500
2023-11-29,536.7680053710938,550.0177531676704,535.327578456339,548.9029141601134,1277500
2023-11-30,537.3106689453125,540.3098475323926,529.5660476109877,536.8173794280688,2208500
2023-12-01,541.6317749023438,542.8452475879253,533.3050472110524,535.9490712360226,619900
2023-12-04,532.34814453125,538.1787994380047,520.9629852862932,535.9096799711999,889300
2023-12-05,530.019775390625,530.1579108916472,520.0356015098489,525.146073103685,578900
2023-12-06,521.5155639648438,538.2677180414768,520.361283277517,537.2317618129428,766700
2023-12-07,533.9661865234375,536.018287909997,522.9559902728006,527.908636619282,679500
2023-12-08,527.2574462890625,531.9436968816493,524.8600663697232,528.342719398003,1038100
2023-12-11,551.7048950195312,556.0458067318896,535.4164651870614,538.2380668324953,1134700
2023-12-12,553.52001953125,556.8842869348871,550.6687923688692,550.7082940588062,871800
2023-12-13,563.0405883789062,565.8621895715739,551.3495923236411,554.5559737378535,783800
2023-12-14,574.6032104492188,578.4804579249362,567.332129477424,567.332129477424,1499100
2023-12-15,577.2769775390625,582.2296234092182,574.1001618332483,577.1487174512375,1387700
2023-12-18,568.9895629882812,585.0412190776223,567.8352826711517,583.5712263236046,928400
2023-12-19,570.3511352539062,575.1853961353073,569.2560470848377,572.0776483949782,877800
2023-12-20,555.7399291992188,570.7359417872174,555.138130471301,564.3724953023097,1036200
2023-12-21,572.6597290039062,574.3369251608677,564.8361656285709,567.776151452988,640400
2023-12-22,574.8302612304688,577.1486977246715,570.6964929355614,571.9198412243834,409600
2023-12-26,583.4332275390625,585.9391165604995,578.3030046156124,579.0232482437611,654700
2023-12-27,583.5317993164062,586.9059425459889,580.5424965297736,586.1955744180775,586900
2023-12-28,578.4016723632812,589.411867180146,578.115525923566,589.0862792593673,514100
2023-12-29,573.498291015625,578.8258410550901,569.2757647206976,576.9316264655897,512600
2024-01-02,552.8690185546875,565.5169685215535,546.2194857497806,565.5169685215535,967500
2024-01-03,545.1737670898438,550.7577782570205,542.618500745833,544.5916589303633,819100
2024-01-04,539.106201171875,547.4526807252242,537.4980726740737,539.0568842678198,859900
2024-01-05,537.0048217773438,543.9503163720543,535.1302975605872,540.7538099948523,767000
2024-01-08,554.8125,558.2951524473431,541.4838093243912,541.6910125727367,1268100
2024-01-09,548.8734741210938,554.1318976668241,543.7037487624194,547.5514315570634,810300
2024-01-10,548.626708984375,551.4483102996222,542.4901566681103,551.4483102996222,793500
2024-01-11,554.5955200195312,557.8215923241644,542.2534073952321,549.5244896310595,650600
2024-01-12,553.0859985351562,556.8448618432899,549.7119154608944,556.4107647062036,617400
2024-01-16,559.2028198242188,561.945538246093,550.264416824645,551.616025187194,962200
2024-01-17,554.9506225585938,556.4304908854167,545.430112236301,556.4304908854167,741100
2024-01-18,582.0816040039062,584.0448865591217,569.2560771360236,571.5251967694484,1445300
2024-01-19,604.7630004882812,608.6994407311912,585.0709238500052,587.4288016966616,1335000
2024-01-22,614.7372436523438,619.8575901784029,609.3110600982384,610.22863139837,967600
2024-01-23,611.0180053710938,614.6091072635567,602.1782356154815,610.4852141585159,895700
2024-01-24,629.88134765625,637.4582668263017,618.8809681902811,627.2274478511042,1083500
2024-01-25,633.0779418945312,649.9386051235339,630.5720526709338,642.7562804080753,1716800
2024-01-26,591.3258056640625,617.5194640886533,588.2082427550259,615.6252494124792,2195400
2024-01-29,592.0263671875,594.117909935033,586.580431617543,588.4845219388346,1060600
2024-01-30,587.3598022460938,593.9304523160521,586.5311095806969,587.034274521262,1036500
2024-01-31,586.0673828125,593.9106981108649,573.8930313550071,579.8519469931183,1081200
2024-02-01,591.0594482421875,593.9599928785793,586.6593444893501,590.7437959557799,890100
2024-02-02,596.20947265625,599.4750469794312,585.0512657486058,587.2611932376942,854300
2024-02-05,606.627685546875,606.8348888095843,592.4801165367704,599.1790263216841,903000
2024-02-06,593.5455932617188,608.0976320431176,587.8628891606603,608.0976320431176,1027700
2024-02-07,600.7279052734375,604.2795651618679,590.6450377881329,601.2211947143859,857700
2024-02-08,610.1891479492188,616.4144581314918,600.0076469137558,600.7278904266174,733200
2024-02-09,641.0790405273438,642.5194675863813,620.1142361765834,620.7062197231492,1246400
2024-02-12,639.3524780273438,648.7348534987542,636.5604427317126,637.4286370270607,1233200
2024-02-13,632.4661865234375,640.7534137287284,617.1051447589141,619.7392937441672,1499400
2024-02-14,645.0647583007812,652.9869553568718,639.0860927252922,641.276268924711,1175000
2024-02-15,645.054931640625,654.388939556184,643.1960358864786,647.64550884803,1025400
2024-02-16,653.9241943359375,669.863190644763,650.1767710055202,659.5008816742182,1059300
2024-02-20,644.4517822265625,653.5682287853946,637.4611587184047,647.1610071631379,1262800
2024-02-21,644.5999755859375,644.7483154684032,631.9931374705712,637.92576717192,746100
2024-02-22,676.0924072265625,679.9683751782305,665.2949774078825,668.0734233172144,1077800
2024-02-23,661.310302734375,679.8497723083746,660.5291948089314,675.3310783488914,597900
2024-02-26,676.141845703125,679.0587341783742,666.4222033597723,668.0339059981354,649800
2024-02-27,669.971923828125,677.0119732776301,669.0721078141681,672.3548369945291,717400
2024-02-28,665.443359375,668.0438337946009,660.2028813934255,660.2028813934255,622600
2024-02-29,674.638916015625,676.4186929982069,667.2627177884003,674.7773585370059,998900
2024-03-01,709.5128784179688,711.1443154266271,680.522086468044,680.5517785853917,1124600
2024-03-04,709.7501220703125,719.8257068368711,708.3856124683772,716.6121992170637,751400
2024-03-05,697.9442749023438,708.1780378552297,689.9747774160347,704.3317618089238,1107300
2024-03-06,707.4266357421875,713.3691030790152,698.1123626981087,703.7780656853909,1063700
2024-03-07,715.1390380859375,720.9629179536502,711.2037459840762,711.2037459840762,1059100
2024-03-08,691.3590698242188,716.3353918294936,691.3590698242188,714.6940573905241,1121400
2024-03-11,677.684326171875,683.6663826538512,667.529621896548,682.3018729330247,1037600
2024-03-12,690.55810546875,691.003004406238,675.6770446974799,683.953058112223,875600
2024-03-13,680.9769897460938,687.8489048873166,674.5103841043656,682.8457224220691,1155300
2024-03-14,684.5562744140625,693.1289074845711,680.0474782287267,690.6174492889539,934100
2024-03-15,676.220947265625,684.1212229960744,672.0779916890398,679.118040922546,1669400
2024-03-18,682.9446411132812,697.2521389764828,681.5307047914396,688.5114307414909,797900
2024-03-19,673.4129028320312,678.2974378157182,661.191698174007,670.1894971887695,888500
2024-03-20,688.1356201171875,690.3702536314645,666.0069064622785,672.5228776337292,904400
2024-03-21,705.1227416992188,719.4698282023329,703.5407311764762,708.8405328124801,758200
2024-03-22,702.58154296875,710.2247280952879,697.2916390691104,698.497911448534,412700
2024-03-25,691.873291015625,700.1493063774848,688.0467488741132,690.0143951533589,493200
2024-03-26,680.6902465820312,699.4571758579893,679.8498147155204,697.1236286095065,865100
2024-03-27,689.04541015625,689.8661076609717,674.2533620722139,684.6256291094232,976300
2024-03-28,690.7261962890625,691.9621608113134,682.2623136546811,689.0452724688352,1080900
2024-04-01,702.8980712890625,710.1160930436022,691.8930368080935,692.1402297472889,772200
2024-04-02,686.1383666992188,689.4309934933071,678.3962670725169,686.4349861514254,950800
2024-04-03,689.6979370117188,699.1901209735449,679.2762449094347,682.4304289739086,782400
2024-04-04,665.1961669921875,699.9020298257586,660.9246659688527,698.3497113510384,1102900
2024-04-05,675.1728515625,681.0955840156614,666.5013049889332,666.5013049889332,790900
2024-04-08,683.0633544921875,684.6453652609104,670.8717810793725,680.621056720026,518300
2024-04-09,689.0057983398438,692.1401877205674,675.04434680981,692.1401877205674,708800
2024-04-10,679.4047241210938,687.1962490097953,676.5274253734087,678.1984517598141,610000
2024-04-11,692.7432861328125,693.7518525203486,680.1265503155371,687.028217419715,831500
2024-04-12,673.1360473632812,681.5307096955805,669.8137284843783,676.7549253414,810200
2024-04-15,670.8717041015625,690.8548019745942,664.978663366889,682.1338282992967,886100
2024-04-16,685.5252685546875,689.0947197184134,670.8716654958929,670.8716654958929,922400
2024-04-17,651.5807495117188,677.1602683255243,650.4436982771641,674.1148949696463,1193100
2024-04-18,636.9864501953125,651.0171224725921,634.7914060767985,648.4265455499226,903100
2024-04-19,621.1068115234375,640.4373467563317,616.1728503407618,638.9442918165181,1072600
2024-04-22,626.5253295898438,631.5581438683765,618.3086389785707,628.2160906137468,924300
2024-04-23,640.9317626953125,646.6567294456555,628.6907635087058,628.8983669538972,710100
2024-04-24,649.168212890625,660.6775310741891,640.328590624875,652.3718842019065,873400
2024-04-25,665.3939819335938,670.1103822899361,642.7115548689254,649.6032652129115,1065800
2024-04-26,698.3299560546875,702.2850431127042,671.1881590490802,675.3311151563463,1193500
2024-04-29,705.913818359375,707.9407884059772,692.5258703983137,698.4782353807894,931600
2024-04-30,681.5504760742188,709.6711478109017,680.561704297753,703.649561488135,902200
2024-05-01,658.5614013671875,683.9629456694493,655.0611717001917,672.8293680235233,1273100
2024-05-02,674.3916625976562,675.3310076944299,656.7322161776292,668.0536631496467,675200
2024-05-03,688.7684936523438,696.1545891611244,683.3400864153654,687.1963201214483,819900
2024-05-06,710.3137817382812,710.6301959078082,690.2614637370637,691.3095592705702,873600
2024-05-07,706.3587036132812,715.2576485572433,703.5802576614375,708.5834398492717,782700
2024-05-08,709.09765625,709.5425552398093,698.10251965839,701.9487957459528,672900
2024-05-09,702.6903686523438,711.9156255311386,701.068828926731,710.6994556494703,976000
2024-05-10,710.205078125,719.8258075875398,705.0535557705823,711.9156338777866,448800
2024-05-13,706.1312866210938,711.9155765405533,703.5703415348902,711.9155765405533,554100
2024-05-14,723.1925659179688,724.9858813626095,698.6805955139671,700.7315243052329,884000
2024-05-15,752.7178955078125,753.3124017997022,728.1068710280335,731.1386656515604,850300
2024-05-16,742.5723266601562,756.8891589498351,742.2255766576261,752.9953874268291,751200
2024-05-17,740.7888793945312,751.5785244659946,732.8329206308309,749.4978431712337,585900
2024-05-20,765.6774291992188,771.2654623059409,744.0981973538619,744.950256597566,763600
2024-05-21,758.0880126953125,762.86359586132,751.6578382109079,752.995371589816,703600
2024-05-22,764.5974731445312,765.8458094213435,755.6605875982237,763.2797143009515,769500
2024-05-23,758.0484008789062,783.2341599664795,754.5410492014744,781.3120376356261,828900
2024-05-24,771.8796997070312,775.8923603124408,761.9619483705894,767.0347544522018,548400
2024-05-28,778.8944091796875,784.6607753253493,768.7884072797917,778.2801283626602,601100
2024-05-29,765.241455078125,772.880416889895,758.0483578924915,761.1495147835166,855000
2024-05-30,763.0320434570312,769.4126911289554,759.0490747397773,761.8530087631119,712100
2024-05-31,752.5296630859375,769.1351402691806,730.1082323416375,763.6164700739273,1684800
2024-06-03,747.1992797851562,764.5280707199945,728.7805908931349,764.3695115209857,515100
2024-06-04,743.6423950195312,749.3294821267096,733.3976679352494,743.5631154142666,474500
2024-06-05,777.7351684570312,780.2814888945464,755.0759583357255,763.2895909171268,943200
2024-06-06,772.0778198242188,780.0635309666386,765.0928095108834,773.1379652336145,722100
2024-06-07,761.882568359375,780.6480055735187,756.9286520987522,780.2418110480963,736000
2024-06-10,787.0584106445312,788.6436396709389,754.0851147362765,754.0851147362765,649900
2024-06-11,790.8036499023438,791.2990416010698,774.7133372033422,786.0082921233429,590000
2024-06-12,820.1803588867188,823.8759614144997,797.025756938294,799.4432707204169,807300
2024-06-13,822.3798828125,825.3125626469548,807.557743031404,808.4989992509538,546400
2024-06-14,817.23779296875,818.9220763432536,807.488457863404,807.488457863404,474700
2024-06-17,841.0562133789062,843.8303947910207,813.3836404069042,818.7932790423723,737800
2024-06-18,855.3532104492188,868.4711729254037,839.1836181836342,841.1751024835075,878000
2024-06-20,821.9439086914062,856.2249851907593,818.9318888879894,855.4125356633962,1281900
2024-06-21,809.0242309570312,827.641091075148,805.754657598038,822.3800332643012,1995400
2024-06-24,786.6621704101562,807.9937656547552,785.0670236783193,806.269812245429,894400
2024-06-25,810.5004272460938,812.6801628111517,784.1257780904406,793.4886932743042,975300
2024-06-26,805.8040771484375,819.2787668362912,791.8835833363289,806.8741400864043,712600
2024-06-27,807.3596801757812,818.8329691054365,799.3541332142282,811.9172597162388,510300
2024-06-28,816.9108276367188,833.6550307481122,810.85715559966,818.8230323345773,849400
2024-07-01,820.1605224609375,821.2999474954469,800.3845256195514,815.6029432681324,480700
2024-07-02,831.3761596679688,832.228218791843,810.4607387355435,811.8478595434517,536900
2024-07-03,845.4652099609375,851.7368253004181,828.2156372184298,832.1986058108466,440800
2024-07-05,847.327880859375,851.1522902138671,839.262889588207,847.4566875372958,461200
2024-07-08,858.5632934570312,861.0501693226381,846.6738933455332,849.220213792793,438600
2024-07-09,866.83642578125,871.7804252997616,855.2343303310923,864.557575570188,409400
2024-07-10,884.12548828125,886.5232275016793,862.4768965152608,869.7591298671532,664300
2024-07-11,845.0887451171875,888.0590179641106,844.3059874990779,888.0590179641106,875000
2024-07-12,849.8146362304688,871.4335354285092,837.2119014858445,845.9803096378042,655200
2024-07-15,850.2109985351562,868.7683512218341,845.7128639223758,850.6073360619051,637300
2024-07-16,859.1875610351562,860.7926253417374,843.1963020831669,853.3716671831054,627400
2024-07-17,774.544921875,821.4387170642491,772.3057417184887,809.7177325261832,1699600
2024-07-18,779.8059692382812,789.7435556250874,761.3675049412757,786.4640650368704,970900
2024-07-19,755.5217895507812,788.2077207790758,754.3625900278969,778.1710811623448,918800
2024-07-22,802.049072265625,804.2485823660792,767.9958519657358,781.202951023225,967800
2024-07-23,800.2160034179688,806.0022044252341,786.701765334917,786.701765334917,960700
2024-07-24,748.8043823242188,791.3783155834394,744.9700554411272,789.9515850823389,2430100
2024-07-25,755.7794799804688,784.492363448981,742.4732662272021,760.4658660929097,1826900
2024-07-26,780.1328735351562,791.6358530821594,761.9817163053949,782.074770091809,1047500
2024-07-29,771.3644409179688,803.0100632642481,770.2547684133028,785.9488031505467,627600
2024-07-30,751.8955688476562,792.081737921058,747.397373868677,780.7273392943627,1062900
2024-07-31,815.4840698242188,819.0905357788922,783.0259971773929,798.0759988799556,1793600
2024-08-01,749.1709594726562,814.9589396216145,740.1647119404316,813.6709333221279,2214200
2024-08-02,689.7536010742188,718.3872629672582,681.2824158549303,704.7639924333511,2071300
2024-08-05,696.9962768554688,713.5324539825243,642.0276339653523,643.8507020030827,1718900
2024-08-06,709.6188354492188,731.406212528406,697.0458525515461,701.7520735538378,1203900
2024-08-07,691.2893676757812,741.6409875284197,688.3666050118076,733.8039174100096,903100
2024-08-08,745.3563842773438,747.0506455752492,700.4838281454923,712.9478996154066,1037500
2024-08-09,739.897216796875,748.1008714631364,724.9957965575877,740.2043572154978,763500
2024-08-12,750.5579833984375,761.7142133900766,737.8462767917807,741.8787722089035,787400
2024-08-13,786.5136108398438,789.5750977103139,754.9769579853655,760.9117409322297,1158100
2024-08-14,786.572998046875,806.1310514466829,774.4556767120989,797.501306809927,630700
2024-08-15,829.9990844726562,833.6319601950233,798.0870898882492,805.4918799352153,1293400
2024-08-16,813.5021362304688,822.7035230847667,802.9805793673346,822.3858850068297,673400
2024-08-19,814.3756713867188,815.536992129961,792.8363189005593,812.4500320824275,971600
2024-08-20,805.5614013671875,817.7603883099416,797.0548436487888,813.1448517794973,685400
2024-08-21,821.01611328125,827.1106690673012,806.1966578796183,812.618726822784,618500
2024-08-22,792.6080322265625,825.8401376080872,787.9725637957539,822.2568794356142,919900
2024-08-23,811.7849731445312,818.2368490030993,794.0770287468382,810.6533988385823,685800
2024-08-26,793.0546264648438,807.3778442017058,787.2678337307091,807.3778442017058,778500
2024-08-27,806.7723388671875,808.1321909751238,777.143363031335,790.6525843687797,687100
2024-08-28,798.3154296875,813.8793320915195,789.1140427831186,803.2287328080249,648900
2024-08-29,789.8585205078125,819.4676856542866,786.1164130001296,808.1520633891978,806500
2024-08-30,813.3632202148438,813.8793897037477,791.6452072193855,807.5366844841091,1079300
2024-09-03,735.940673828125,801.1046457221584,731.712203860092,799.625686915642,1661200
2024-09-04,739.5933837890625,744.3380229856754,719.2749674531923,729.5582501534665,927200
2024-09-05,722.669677734375,737.7174113601171,717.4089293301439,720.4065896173709,818300
2024-09-06,697.5966796875,722.808650380435,691.6311661271548,722.6696723560268,1390600
2024-09-09,704.6341552734375,712.1977337317797,691.4127661632033,709.7361144574788,839900
2024-09-10,708.177734375,711.6915032505287,691.2638556918223,704.634158532338,778900
2024-09-11,743.2760009765625,746.0453229640808,698.6885902038421,709.9843414359914,1129100
2024-09-12,727.85107421875,741.3404245702047,724.5953291393583,741.3404245702047,1070700
2024-09-13,745.9360961914062,749.0032453194102,735.424475045524,735.8810911392637,586700
2024-09-16,730.9479370117188,737.489112679343,720.7738249720953,729.5582779632426,863000
2024-09-17,734.1242065429688,745.360404040635,728.0197755872605,743.792145491003,855500
2024-09-18,725.6275634765625,746.5813170124587,724.386818125271,744.0005303318109,817800
2024-09-19,766.7111206054688,776.4187410925836,749.5987708039856,753.6981981978367,1241100
2024-09-20,753.2316284179688,759.6934395987524,743.7126644544671,757.0035425761873,1622600
2024-09-23,755.6337890625,764.6862622846495,752.9338956790284,760.6067061159923,438800
2024-09-24,764.6366577148438,769.9470236678968,746.630946356057,766.2843409104216,821300
2024-09-25,766.3438720703125,776.2102813952658,754.0654610846728,757.2517169141876,575100
2024-09-26,798.5933227539062,815.9141399087694,774.2250962637956,807.4175181987436,908000
2024-09-27,776.607421875,802.4744807790495,772.1407382229197,801.978182595485,627400
2024-09-30,768.6764526367188,775.475773452479,755.653594389762,767.3563432144075,932900
2024-10-01,748.10986328125,781.0838813263601,740.6355845067656,772.7063666292288,1279600
2024-10-02,771.6046752929688,781.6100633501363,749.4102357001652,755.0283043204298,701800
2024-10-03,768.8253784179688,778.185554143914,758.3435640399102,759.1971823076144,584200
2024-10-04,781.5603637695312,794.5336038268715,771.4557413704179,794.5336038268715,757300
2024-10-07,775.8827514648438,782.0666677587698,766.1255732218025,771.9719195257237,748100
2024-10-08,778.0963134765625,787.79393875003,768.5077986798054,776.1111207498288,653400
2024-10-09,798.6727905273438,800.8068968719502,774.5725225346716,776.2401376837558,628500
2024-10-10,792.0719604492188,793.8983642617984,781.1732726770416,785.4910422634864,461900
2024-10-11,797.7794189453125,800.4495054629449,786.801306096162,786.9105377343824,570800
2024-10-14,823.507568359375,826.8327418272924,803.3776857328768,803.3776857328768,567900
2024-10-15,702.480224609375,826.2173133386312,693.7851319081861,819.4081172581605,2870900
2024-10-16,677.536376953125,715.4237631026825,676.9606541002231,715.2351673706943,2280600
2024-10-17,665.2876586914062,696.0283364964395,664.7218715400949,695.7901230818387,1936500
2024-10-18,673.4963989257812,676.8513789579083,659.4015206453369,662.9847784188242,1192800
2024-10-21,668.622802734375,674.7173587717618,662.4588182668122,672.484017017828,739300
2024-10-22,665.1189575195312,668.1662354848253,658.7464455400204,665.0395328508002,787400
2024-10-23,659.7092895507812,667.3324219322153,649.8031977758085,659.7192252071924,846800
2024-10-24,661.2279663085938,679.3230391969402,660.5133260074332,673.7247811714195,884700
2024-10-25,668.0867919921875,677.7844771294033,663.0543215333121,664.7119403738299,954800
2024-10-28,669.3572998046875,674.1118749198539,665.2479971099038,668.1662326950523,1051800
2024-10-29,691.0753173828125,695.2144876625338,668.7816427800065,670.0025168685422,1333900
2024-10-30,686.6780395507812,690.0429552112513,674.9753521541085,676.9506089002458,1656800
2024-10-31,661.2974243164062,676.0077089916181,651.143183388924,672.6329178666992,2001200
2024-11-01,664.4241333007812,673.6255206260726,658.5281087031735,661.5654510362883,906400
2024-11-04,658.4585571289062,665.59532645548,657.4560252419432,662.3098353531173,637900
2024-11-05,665.3671264648438,676.5040284018451,662.3099127517701,664.1263810306891,1016300
2024-11-06,664.7020263671875,673.6155825358188,652.6122104346143,670.0025173835727,1715400
2024-11-07,681.0699462890625,682.7275650757048,670.1017091775223,677.7943301728325,1122200
2024-11-08,682.320556640625,689.2191126450833,676.3352327995404,684.5042804915475,1278100
2024-11-11,661.098876953125,680.1368648218015,651.8776194708564,678.9358016083963,1422800
2024-11-12,659.858154296875,664.3049660437954,650.011556024028,658.1012395739773,1111300
2024-11-13,639.7778930664062,651.1331964521048,633.5940378905033,649.2174929828161,1505200
2024-11-14,640.2246704101562,655.1136162336483,637.981392879426,655.1136162336483,1169900
2024-11-15,609.9107055664062,625.3356292786367,607.8162814631588,615.9357719946861,1712000
2024-11-18,617.3758544921875,620.8695430166944,608.9253419763827,611.3738643087838,1223300
2024-11-19,612.7971801757812,615.5343927914986,606.5663399434967,613.6133745004475,1408900
2024-11-20,613.9617919921875,617.0672793064929,607.0540601741762,613.6233462425886,1195100
2024-11-21,630.2158203125,634.9935492247259,617.1170401900268,624.880758545374,1386000
2024-11-22,636.576171875,640.0400316839379,627.0705901585807,627.0705901585807,981800
2024-11-25,641.67236328125,643.6829900218347,629.1707678450115,643.6829900218347,1913000
2024-11-26,628.53369140625,648.1520635267449,620.9590918108976,648.1520635267449,923200
2024-11-27,629.2006225585938,631.0419959306582,618.3413190199424,628.5336942551123,942600
2024-11-29,644.0214233398438,658.4241105505738,640.2788971333538,641.8117144620329,925700
2024-12-02,662.9330444335938,665.9588868131119,642.0008030434826,642.0107662645206,1380200
2024-12-03,662.6244506835938,664.0776837248011,653.7658710937053,658.05582766763,1376500
2024-12-04,663.1221313476562,667.3822590447871,652.6211996755213,667.0637397145142,1459200
2024-12-05,639.6218872070312,659.8374444870677,638.4075892949887,657.3092772062167,1028200
2024-12-06,645.3253173828125,647.6842922846284,635.2125262392099,638.1687476581454,862400
2024-12-09,649.3365478515625,663.2416205100358,642.8170167667643,655.9456871770548,1093300
2024-12-10,638.8853149414062,654.77112319236,635.5011005598161,654.77112319236,914800
2024-12-11,645.822998046875,654.0644654428243,639.0944215211322,643.9616374328023,1107400
2024-12-12,643.5933837890625,646.8681246690228,634.9437885407302,643.8621477704543,698200
2024-12-13,650.7200927734375,660.783067730051,644.5688364297446,644.9868664624444,1463200
2024-12-16,653.0791015625,661.4400671586684,642.4188795400881,646.6590809173728,1014300
2024-12-17,651.8348999023438,665.7897282062199,649.0578949020021,656.9011980581157,1252400
2024-12-18,627.8369750976562,665.988699053853,622.700934781119,655.5972420253537,1452100
2024-12-19,619.2869262695312,632.3260492059754,617.6943903886196,621.2577000536456,1115700
2024-12-20,626.4434814453125,638.0691632093593,610.547769664546,613.5636488473253,2652200
2024-12-23,644.9768676757812,646.4898191886851,628.6432001239488,628.6432001239488,886400
2024-12-24,647.505126953125,648.9682624332397,638.2782121250307,642.0505671174624,349500
2024-12-26,645.5343017578125,650.8494980763627,639.0645260421352,641.2244187706834,454100
2024-12-27,641.8117065429688,644.7081486529813,635.0433378973197,644.1607182388755,729500
2024-12-30,630.6936645507812,634.2769006818643,623.6863608258543,630.8628570607855,687800
